"mean"	"sd"	"min"	"max"
"1"	0.690658700731949	0.0428361102213539	0.586924219910847	0.836405529953917
