"mean"	"sd"	"min"	"max"
"1"	0.693946223849768	0.0448460766398643	0.585438335809807	0.841013824884793
