"mean"	"sd"	"min"	"max"
"1"	0.694313001584567	0.0448978828353707	0.585438335809807	0.847926267281106
