"mean"	"sd"	"min"	"max"
"1"	0.695543495343863	0.0450737166329591	0.592867756315007	0.853686635944701
