"mean"	"sd"	"min"	"max"
"1"	0.679156546361289	0.0528142169254287	0.543321299638989	0.867511520737327
