"mean"	"sd"	"min"	"max"
"1"	0.690147526442625	0.0439271694448044	0.575037147102526	0.845622119815668
