"mean"	"sd"	"min"	"max"
"1"	0.696572729141129	0.0459079570450195	0.579494799405646	0.851382488479263
