"mean"	"sd"	"min"	"max"
"1"	0.692493183571867	0.0473210426524962	0.579494799405646	0.860599078341014
