"mean"	"sd"	"min"	"max"
"1"	0.691718317580455	0.0438018029145498	0.576523031203566	0.837557603686636
