"mean"	"sd"	"min"	"max"
"1"	0.696050507305085	0.0456821709772076	0.579494799405646	0.852534562211982
