"mean"	"sd"	"min"	"max"
"1"	0.697367561395955	0.0449870556534008	0.583952451708767	0.854838709677419
