"mean"	"sd"	"min"	"max"
"1"	0.689509730352562	0.0472476940415134	0.569093610698366	0.841013824884793
