"mean"	"sd"	"min"	"max"
"1"	0.694082254032289	0.0447402912989215	0.576523031203566	0.84331797235023
