"mean"	"sd"	"min"	"max"
"1"	0.690145143012441	0.0474177496787753	0.580980683506687	0.847926267281106
