"mean"	"sd"	"min"	"max"
"1"	0.694384884995633	0.0442840881472006	0.595839524517088	0.846774193548387
