"mean"	"sd"	"min"	"max"
"1"	0.694470143681065	0.0465607837797357	0.594353640416048	0.854838709677419
