"mean"	"sd"	"min"	"max"
"1"	0.692251423357856	0.047681436368224	0.566121842496285	0.853686635944701
