"mean"	"sd"	"min"	"max"
"1"	0.695388982201498	0.0462032444906174	0.570579494799406	0.855990783410138
