"mean"	"sd"	"min"	"max"
"1"	0.695210085438266	0.0445947916081929	0.586924219910847	0.842165898617512
