"mean"	"sd"	"min"	"max"
"1"	0.683742635127675	0.0410676064488104	0.613496932515337	0.792626728110599
