"mean"	"sd"	"min"	"max"
"1"	0.695442760010508	0.0457317952661676	0.594353640416048	0.851382488479263
