"mean"	"sd"	"min"	"max"
"1"	0.688421670347554	0.0419766345043619	0.608662613981763	0.797235023041475
