"mean"	"sd"	"min"	"max"
"1"	0.690689113289589	0.0467549754394232	0.586924219910847	0.852534562211982
