"mean"	"sd"	"min"	"max"
"1"	0.689270822772059	0.0454568648075743	0.580980683506687	0.836405529953917
