"mean"	"sd"	"min"	"max"
"1"	0.692073030083587	0.046959277178461	0.578008915304606	0.839861751152074
