"mean"	"sd"	"min"	"max"
"1"	0.692822862165621	0.04344889373137	0.594353640416048	0.853686635944701
