"mean"	"sd"	"min"	"max"
"1"	0.690872902844252	0.0454692504546908	0.585438335809807	0.835253456221198
