"mean"	"sd"	"min"	"max"
"1"	0.687921379824293	0.0468111620735527	0.582466567607727	0.857142857142857
