"mean"	"sd"	"min"	"max"
"1"	0.691814428384857	0.0447945783634661	0.583952451708767	0.838709677419355
