"mean"	"sd"	"min"	"max"
"1"	0.688291767889868	0.0484195323099892	0.545319465081724	0.875576036866359
