"mean"	"sd"	"min"	"max"
"1"	0.693648931066847	0.0448255791690057	0.578008915304606	0.846774193548387
