"mean"	"sd"	"min"	"max"
"1"	0.694658052040811	0.0447368955418311	0.595839524517088	0.849078341013825
