"mean"	"sd"	"min"	"max"
"1"	0.69550092046018	0.0454698918955786	0.583952451708767	0.851382488479263
