"mean"	"sd"	"min"	"max"
"1"	0.695397800971618	0.044923166225772	0.585438335809807	0.850230414746544
