"mean"	"sd"	"min"	"max"
"1"	0.689654990504713	0.0466810926229877	0.59927797833935	0.869815668202765
