"mean"	"sd"	"min"	"max"
"1"	0.69424510211963	0.0441159333444902	0.588410104011887	0.846774193548387
