"mean"	"sd"	"min"	"max"
"1"	0.69314165493183	0.0448631031958652	0.582466567607727	0.839861751152074
