"mean"	"sd"	"min"	"max"
"1"	0.692047243881639	0.0456523492895216	0.589895988112927	0.851382488479263
