"mean"	"sd"	"min"	"max"
"1"	0.690473964905184	0.0454990410650811	0.578008915304606	0.837557603686636
