"mean"	"sd"	"min"	"max"
"1"	0.693153069611068	0.0446032764395576	0.580980683506687	0.838709677419355
