"mean"	"sd"	"min"	"max"
"1"	0.69447220837331	0.0442077563672158	0.585438335809807	0.842165898617512
