"mean"	"sd"	"min"	"max"
"1"	0.695197164888373	0.0441385260982575	0.582466567607727	0.849078341013825
