"mean"	"sd"	"min"	"max"
"1"	0.691714575287128	0.0458376021311421	0.579494799405646	0.841013824884793
