"mean"	"sd"	"min"	"max"
"1"	0.688898387135666	0.0418342213314804	0.608662613981763	0.798387096774194
