"mean"	"sd"	"min"	"max"
"1"	0.696681986634135	0.0451631782509876	0.578008915304606	0.849078341013825
