"mean"	"sd"	"min"	"max"
"1"	0.691894414919719	0.0449897088825762	0.579494799405646	0.841013824884793
