"mean"	"sd"	"min"	"max"
"1"	0.689644064189971	0.0466598798135268	0.572065378900446	0.836405529953917
