"mean"	"sd"	"min"	"max"
"1"	0.691904055097081	0.0463934147192895	0.583952451708767	0.84331797235023
