"mean"	"sd"	"min"	"max"
"1"	0.68639838724735	0.0472223009252907	0.578008915304606	0.850230414746544
