"mean"	"sd"	"min"	"max"
"1"	0.693580018155035	0.0460031208754842	0.589895988112927	0.852534562211982
