"mean"	"sd"	"min"	"max"
"1"	0.694955564277797	0.044124420755343	0.591381872213967	0.847926267281106
