"mean"	"sd"	"min"	"max"
"1"	0.693195453961381	0.0452780413782461	0.573551263001486	0.837557603686636
