"mean"	"sd"	"min"	"max"
"1"	0.694475672782888	0.0456592682811136	0.573551263001486	0.855990783410138
