"mean"	"sd"	"min"	"max"
"1"	0.695947131406202	0.0437038643020387	0.586924219910847	0.842165898617512
