"mean"	"sd"	"min"	"max"
"1"	0.687681730741386	0.04168511140273	0.614723926380368	0.796082949308756
