"mean"	"sd"	"min"	"max"
"1"	0.691198058435007	0.0465738408569801	0.582466567607727	0.854838709677419
