"mean"	"sd"	"min"	"max"
"1"	0.696162275298702	0.0467261365169523	0.572065378900446	0.852534562211982
