"mean"	"sd"	"min"	"max"
"1"	0.679764390657663	0.0490668809289144	0.558692421991085	0.860023041474654
