"mean"	"sd"	"min"	"max"
"1"	0.692355779769519	0.0451665523025797	0.585438335809807	0.839861751152074
