"mean"	"sd"	"min"	"max"
"1"	0.695257971412868	0.0447810521410427	0.585438335809807	0.849078341013825
