"mean"	"sd"	"min"	"max"
"1"	0.690889340860245	0.047242088385008	0.583952451708767	0.846774193548387
