"mean"	"sd"	"min"	"max"
"1"	0.696091201805394	0.0454477471458387	0.573551263001486	0.845622119815668
