"mean"	"sd"	"min"	"max"
"1"	0.690934347120353	0.0459422973035488	0.585438335809807	0.845622119815668
