"mean"	"sd"	"min"	"max"
"1"	0.693349330888568	0.0446496676215755	0.591381872213967	0.846774193548387
