"mean"	"sd"	"min"	"max"
"1"	0.692963905239436	0.0459469637865556	0.580980683506687	0.845622119815668
