"mean"	"sd"	"min"	"max"
"1"	0.691974835496539	0.0466651862319794	0.585438335809807	0.844470046082949
