"mean"	"sd"	"min"	"max"
"1"	0.695047698085712	0.0448018502537536	0.579494799405646	0.850230414746544
