"mean"	"sd"	"min"	"max"
"1"	0.692506556134593	0.0419715244258079	0.607142857142857	0.797235023041475
