"mean"	"sd"	"min"	"max"
"1"	0.68167509042594	0.0417818573235114	0.600297176820208	0.850230414746544
