"mean"	"sd"	"min"	"max"
"1"	0.694949177775901	0.0448145076936759	0.589895988112927	0.847926267281106
