"mean"	"sd"	"min"	"max"
"1"	0.690436039208312	0.0422711754986235	0.608662613981763	0.796082949308756
