"mean"	"sd"	"min"	"max"
"1"	0.692144136062403	0.0452705785962326	0.575037147102526	0.837557603686636
