"mean"	"sd"	"min"	"max"
"1"	0.696763683300528	0.0450794470205305	0.585438335809807	0.850230414746544
