"mean"	"sd"	"min"	"max"
"1"	0.69454749499202	0.0443684210268655	0.586924219910847	0.846774193548387
