"mean"	"sd"	"min"	"max"
"1"	0.695897361920253	0.0458170599182272	0.585438335809807	0.855990783410138
