"mean"	"sd"	"min"	"max"
"1"	0.69535995960421	0.0466447657691506	0.570579494799406	0.852534562211982
