"mean"	"sd"	"min"	"max"
"1"	0.695025945091245	0.0445175838300701	0.578008915304606	0.847926267281106
