"mean"	"sd"	"min"	"max"
"1"	0.696899277592303	0.0467748381749567	0.567607726597325	0.847926267281106
