"mean"	"sd"	"min"	"max"
"1"	0.69570123020807	0.0450821506331603	0.585438335809807	0.850230414746544
