"mean"	"sd"	"min"	"max"
"1"	0.694873873480728	0.0445551586548859	0.589895988112927	0.845622119815668
