"mean"	"sd"	"min"	"max"
"1"	0.695164933503549	0.0453495882071819	0.586924219910847	0.850230414746544
