"mean"	"sd"	"min"	"max"
"1"	0.694869940922719	0.0463217670437163	0.579494799405646	0.854838709677419
