"mean"	"sd"	"min"	"max"
"1"	0.692669082225862	0.0444224911373066	0.582466567607727	0.842165898617512
