"mean"	"sd"	"min"	"max"
"1"	0.692686808049509	0.0457571633998561	0.582466567607727	0.84331797235023
