"mean"	"sd"	"min"	"max"
"1"	0.694680654724218	0.0476661179983461	0.580980683506687	0.846774193548387
