"mean"	"sd"	"min"	"max"
"1"	0.691997581445139	0.0449740172720023	0.578008915304606	0.837557603686636
