"mean"	"sd"	"min"	"max"
"1"	0.695649457953477	0.0450519419142833	0.569093610698366	0.847926267281106
