"mean"	"sd"	"min"	"max"
"1"	0.695502635413909	0.0452821658816129	0.576523031203566	0.841013824884793
