"mean"	"sd"	"min"	"max"
"1"	0.69298265882815	0.0449540369555646	0.578008915304606	0.849078341013825
