"mean"	"sd"	"min"	"max"
"1"	0.694624797019266	0.0433572634037617	0.594353640416048	0.802995391705069
