"mean"	"sd"	"min"	"max"
"1"	0.684179096597096	0.0449307068701198	0.592867756315007	0.83352534562212
