"mean"	"sd"	"min"	"max"
"1"	0.696000595660042	0.046315778550322	0.578008915304606	0.857142857142857
