"mean"	"sd"	"min"	"max"
"1"	0.69153567720225	0.0472583296486717	0.576523031203566	0.853686635944701
