"mean"	"sd"	"min"	"max"
"1"	0.694465250226551	0.0449098580556757	0.586924219910847	0.853686635944701
