"mean"	"sd"	"min"	"max"
"1"	0.69181018273067	0.0458147189268136	0.583952451708767	0.846774193548387
