"mean"	"sd"	"min"	"max"
"1"	0.691491733940104	0.0451488814714186	0.583952451708767	0.835253456221198
