"mean"	"sd"	"min"	"max"
"1"	0.69121077429084	0.0453841696339632	0.582466567607727	0.839861751152074
