"mean"	"sd"	"min"	"max"
"1"	0.695427894458975	0.0459796702558003	0.575037147102526	0.853686635944701
