"mean"	"sd"	"min"	"max"
"1"	0.694705900665488	0.0447374219145329	0.588410104011887	0.844470046082949
