"mean"	"sd"	"min"	"max"
"1"	0.690637777723293	0.0463002608245569	0.583952451708767	0.852534562211982
