"mean"	"sd"	"min"	"max"
"1"	0.693653996870458	0.0443551082718716	0.582466567607727	0.845622119815668
