"mean"	"sd"	"min"	"max"
"1"	0.694858938435488	0.0452931241005076	0.585438335809807	0.849078341013825
