"mean"	"sd"	"min"	"max"
"1"	0.691959241620085	0.043819868879469	0.578008915304606	0.842165898617512
