"mean"	"sd"	"min"	"max"
"1"	0.694762816662829	0.0427021656073611	0.600297176820208	0.794930875576037
