"mean"	"sd"	"min"	"max"
"1"	0.694046532109009	0.0458850757943817	0.595839524517088	0.854838709677419
