"mean"	"sd"	"min"	"max"
"1"	0.694448399934233	0.046076258305962	0.576523031203566	0.855990783410138
