"mean"	"sd"	"min"	"max"
"1"	0.691785030986011	0.0454962286206284	0.580980683506687	0.842165898617512
