"mean"	"sd"	"min"	"max"
"1"	0.696167709050567	0.0457874296215704	0.579494799405646	0.849078341013825
