"mean"	"sd"	"min"	"max"
"1"	0.685504391521949	0.0482220205838432	0.583952451708767	0.857142857142857
