"mean"	"sd"	"min"	"max"
"1"	0.69578277976242	0.0451971285917151	0.589895988112927	0.841013824884793
