"mean"	"sd"	"min"	"max"
"1"	0.693020593322496	0.0445970976029375	0.591381872213967	0.838709677419355
