"mean"	"sd"	"min"	"max"
"1"	0.690189143299913	0.0443606779868107	0.578008915304606	0.838709677419355
