"mean"	"sd"	"min"	"max"
"1"	0.691540746172543	0.0450972012228268	0.579494799405646	0.842165898617512
