"mean"	"sd"	"min"	"max"
"1"	0.694402809789243	0.0460281290549857	0.573551263001486	0.865207373271889
