"mean"	"sd"	"min"	"max"
"1"	0.695140917850999	0.0444795579891949	0.589895988112927	0.84331797235023
