"mean"	"sd"	"min"	"max"
"1"	0.695023890318759	0.0456988953381938	0.579494799405646	0.857142857142857
