"mean"	"sd"	"min"	"max"
"1"	0.691791966270936	0.0461503208300075	0.579494799405646	0.838709677419355
