"mean"	"sd"	"min"	"max"
"1"	0.694880172840173	0.0454085487211829	0.578008915304606	0.852534562211982
