"mean"	"sd"	"min"	"max"
"1"	0.691900084673305	0.0447953154085926	0.580980683506687	0.84331797235023
