"mean"	"sd"	"min"	"max"
"1"	0.6950098063534	0.0434260386754984	0.588410104011887	0.838709677419355
