"mean"	"sd"	"min"	"max"
"1"	0.695120453881893	0.0452470268774119	0.570579494799406	0.844470046082949
