"mean"	"sd"	"min"	"max"
"1"	0.696101894102001	0.0449793831232059	0.583952451708767	0.851382488479263
