"mean"	"sd"	"min"	"max"
"1"	0.696343288131404	0.0458472148703631	0.588410104011887	0.852534562211982
