"mean"	"sd"	"min"	"max"
"1"	0.690251184264964	0.0452810742416259	0.582466567607727	0.842165898617512
