"mean"	"sd"	"min"	"max"
"1"	0.696387452943259	0.0448173375973589	0.580980683506687	0.847926267281106
