"mean"	"sd"	"min"	"max"
"1"	0.693859229261285	0.0454785345591538	0.576523031203566	0.851382488479263
