"mean"	"sd"	"min"	"max"
"1"	0.696407523384099	0.0442879552148252	0.575037147102526	0.844470046082949
