"mean"	"sd"	"min"	"max"
"1"	0.688924585549729	0.0420696702285773	0.597325408618128	0.823732718894009
