"mean"	"sd"	"min"	"max"
"1"	0.690996975649004	0.0461357083585414	0.583952451708767	0.853686635944701
