"mean"	"sd"	"min"	"max"
"1"	0.694397357867383	0.0483304139493393	0.567607726597325	0.867511520737327
