"mean"	"sd"	"min"	"max"
"1"	0.694074480317802	0.0454567179499627	0.583952451708767	0.844470046082949
