"mean"	"sd"	"min"	"max"
"1"	0.692070631359284	0.0462782137963193	0.572065378900446	0.854838709677419
