"mean"	"sd"	"min"	"max"
"1"	0.682748567020714	0.0416352089396416	0.597325408618128	0.855414746543779
