"mean"	"sd"	"min"	"max"
"1"	0.694748140993613	0.045954536482639	0.591381872213967	0.846774193548387
