"mean"	"sd"	"min"	"max"
"1"	0.693978589384063	0.0446046403115261	0.591381872213967	0.844470046082949
