"mean"	"sd"	"min"	"max"
"1"	0.687703958829415	0.0432900013366408	0.591381872213967	0.823732718894009
