"mean"	"sd"	"min"	"max"
"1"	0.694524561668658	0.0444256646061751	0.578008915304606	0.849078341013825
