"mean"	"sd"	"min"	"max"
"1"	0.696107422250074	0.0456969998875413	0.583952451708767	0.844470046082949
