"mean"	"sd"	"min"	"max"
"1"	0.688711534292594	0.0417219517061278	0.61869618696187	0.821428571428571
