"mean"	"sd"	"min"	"max"
"1"	0.688033492650668	0.0428616688213062	0.573551263001486	0.805299539170507
