"mean"	"sd"	"min"	"max"
"1"	0.695770990428627	0.0458028853860428	0.564635958395245	0.852534562211982
