"mean"	"sd"	"min"	"max"
"1"	0.686163407415641	0.0408495781617877	0.614723926380368	0.796082949308756
