"mean"	"sd"	"min"	"max"
"1"	0.692891300261874	0.0452632201877272	0.589895988112927	0.84331797235023
