"mean"	"sd"	"min"	"max"
"1"	0.69335969640414	0.0455388261423014	0.585438335809807	0.853686635944701
