"mean"	"sd"	"min"	"max"
"1"	0.695553431953469	0.0450343591871596	0.582466567607727	0.852534562211982
