"mean"	"sd"	"min"	"max"
"1"	0.691351789348672	0.0451321520830673	0.595839524517088	0.837557603686636
