"mean"	"sd"	"min"	"max"
"1"	0.693163739410686	0.0447585122600923	0.598811292719168	0.838709677419355
