"mean"	"sd"	"min"	"max"
"1"	0.685076013433014	0.0410146246486709	0.615950920245399	0.796082949308756
