"mean"	"sd"	"min"	"max"
"1"	0.695012151305416	0.0450507309218216	0.578008915304606	0.851382488479263
