"mean"	"sd"	"min"	"max"
"1"	0.691127309132329	0.0420401591585194	0.592867756315007	0.835253456221198
