"mean"	"sd"	"min"	"max"
"1"	0.690818571081693	0.0467480639440437	0.583952451708767	0.836405529953917
