"mean"	"sd"	"min"	"max"
"1"	0.693713394125085	0.0453565875468402	0.583952451708767	0.841013824884793
