"mean"	"sd"	"min"	"max"
"1"	0.690496104273997	0.0445237076263951	0.580980683506687	0.841013824884793
