"mean"	"sd"	"min"	"max"
"1"	0.689935475168091	0.046675439034022	0.595839524517088	0.86405529953917
