"mean"	"sd"	"min"	"max"
"1"	0.679587207474102	0.0491852818557559	0.582466567607727	0.818849449204406
