"mean"	"sd"	"min"	"max"
"1"	0.65723490533196	0.056239737875856	0.488855869242199	0.84331797235023
