"mean"	"sd"	"min"	"max"
"1"	0.665175088505548	0.0532049256550639	0.523031203566122	0.819124423963134
