"mean"	"sd"	"min"	"max"
"1"	0.678529313491587	0.0493941979462276	0.575812274368231	0.818849449204406
