"mean"	"sd"	"min"	"max"
"1"	0.670863485053027	0.0523035624462742	0.550541516245487	0.810281517747858
