"mean"	"sd"	"min"	"max"
"1"	0.663575652559454	0.0503050414245345	0.548291233283804	0.802937576499388
