"mean"	"sd"	"min"	"max"
"1"	0.665318046298568	0.050473775089321	0.549777117384844	0.806609547123623
