"mean"	"sd"	"min"	"max"
"1"	0.67845484645259	0.0487222508289224	0.546931407942238	0.802995391705069
