"mean"	"sd"	"min"	"max"
"1"	0.678586069862022	0.049509387284234	0.557761732851986	0.811505507955936
