"mean"	"sd"	"min"	"max"
"1"	0.6796602422686	0.0459603330653941	0.577617328519856	0.80905752753978
