"mean"	"sd"	"min"	"max"
"1"	0.677028760489364	0.0491757460360157	0.554151624548736	0.806451612903226
