"mean"	"sd"	"min"	"max"
"1"	0.679343626660869	0.0493894280787354	0.583032490974729	0.810281517747858
