"mean"	"sd"	"min"	"max"
"1"	0.679780984146693	0.0481426686569444	0.561371841155235	0.796817625458996
