"mean"	"sd"	"min"	"max"
"1"	0.666805343196106	0.0531727250025676	0.506686478454681	0.817972350230415
