"mean"	"sd"	"min"	"max"
"1"	0.682384282665371	0.0465631330937365	0.554151624548736	0.790322580645161
