"mean"	"sd"	"min"	"max"
"1"	0.66798672117282	0.051437066471835	0.555956678700361	0.796082949308756
