"mean"	"sd"	"min"	"max"
"1"	0.674379603469706	0.0502908999827535	0.563176895306859	0.812729498164015
