"mean"	"sd"	"min"	"max"
"1"	0.677646478861169	0.0489523512094536	0.577617328519856	0.80171358629131
