"mean"	"sd"	"min"	"max"
"1"	0.672426494175588	0.0522676501391769	0.546931407942238	0.812729498164015
