"mean"	"sd"	"min"	"max"
"1"	0.65976222026726	0.0533591363845761	0.49777117384844	0.827188940092166
