"mean"	"sd"	"min"	"max"
"1"	0.679543738623339	0.0474138760173346	0.575812274368231	0.80905752753978
