"mean"	"sd"	"min"	"max"
"1"	0.678536384925037	0.0507014316842492	0.534296028880866	0.810281517747858
