"mean"	"sd"	"min"	"max"
"1"	0.677188370767113	0.051728699791819	0.548736462093863	0.806609547123623
