"mean"	"sd"	"min"	"max"
"1"	0.677282437161727	0.0478628652154504	0.55956678700361	0.799265605875153
