"mean"	"sd"	"min"	"max"
"1"	0.654111248451596	0.0512872352886071	0.49925705794948	0.809907834101382
