"mean"	"sd"	"min"	"max"
"1"	0.660238708337177	0.0532802831243542	0.508172362555721	0.834101382488479
