"mean"	"sd"	"min"	"max"
"1"	0.663348937179255	0.0529490303974998	0.521545319465082	0.792626728110599
