"mean"	"sd"	"min"	"max"
"1"	0.667840187786973	0.0504431607875081	0.530685920577617	0.790322580645161
