"mean"	"sd"	"min"	"max"
"1"	0.67816328308997	0.0481264236811876	0.572202166064982	0.811505507955936
