"mean"	"sd"	"min"	"max"
"1"	0.674470653071267	0.0500180309558907	0.570397111913357	0.810281517747858
