"mean"	"sd"	"min"	"max"
"1"	0.662807231213998	0.0538511044171139	0.487369985141159	0.802995391705069
