"mean"	"sd"	"min"	"max"
"1"	0.686162217835143	0.0462546826019451	0.566787003610108	0.800489596083231
