"mean"	"sd"	"min"	"max"
"1"	0.681430849200488	0.0491076792776594	0.546931407942238	0.798041615667075
