"mean"	"sd"	"min"	"max"
"1"	0.672182615816879	0.0503346188951526	0.568592057761733	0.81640146878825
