"mean"	"sd"	"min"	"max"
"1"	0.677374419450558	0.0471740908109492	0.554151624548736	0.790697674418605
