"mean"	"sd"	"min"	"max"
"1"	0.665951189498784	0.05163864060889	0.527488855869242	0.815668202764977
