"mean"	"sd"	"min"	"max"
"1"	0.678435604154883	0.0463938803693531	0.572202166064982	0.798041615667075
