"mean"	"sd"	"min"	"max"
"1"	0.678239420757736	0.0501938704527332	0.552346570397112	0.806609547123623
