"mean"	"sd"	"min"	"max"
"1"	0.654186315927035	0.0580100961211454	0.491827637444279	0.79147465437788
