"mean"	"sd"	"min"	"max"
"1"	0.665481340860768	0.0522211829415307	0.545126353790614	0.796817625458996
