"mean"	"sd"	"min"	"max"
"1"	0.677689525008208	0.049661736164126	0.568592057761733	0.811505507955936
