"mean"	"sd"	"min"	"max"
"1"	0.679335646417938	0.0504787393137191	0.555956678700361	0.80905752753978
