"mean"	"sd"	"min"	"max"
"1"	0.680394136335516	0.0464066635334507	0.590252707581227	0.807833537331701
