"mean"	"sd"	"min"	"max"
"1"	0.684790540850813	0.0463112148303529	0.566787003610108	0.807833537331701
