"mean"	"sd"	"min"	"max"
"1"	0.672456890456485	0.0487447448601353	0.549777117384844	0.797235023041475
