"mean"	"sd"	"min"	"max"
"1"	0.663122071429895	0.05104244466814	0.554151624548736	0.795593635250918
