"mean"	"sd"	"min"	"max"
"1"	0.665258102257464	0.0518374398832115	0.523031203566122	0.800691244239631
