"mean"	"sd"	"min"	"max"
"1"	0.657512020729015	0.0512655735222763	0.517087667161961	0.815668202764977
