"mean"	"sd"	"min"	"max"
"1"	0.681037558617153	0.0470124511933811	0.575812274368231	0.810281517747858
