"mean"	"sd"	"min"	"max"
"1"	0.666321914167451	0.0527468759369704	0.517087667161961	0.805299539170507
