"mean"	"sd"	"min"	"max"
"1"	0.679354015238575	0.0491493090657981	0.550541516245487	0.811505507955936
