"mean"	"sd"	"min"	"max"
"1"	0.665610999893062	0.0516381415794234	0.512630014858841	0.820276497695853
