"mean"	"sd"	"min"	"max"
"1"	0.665980830363171	0.0508495294329569	0.521545319465082	0.800691244239631
