"mean"	"sd"	"min"	"max"
"1"	0.680064304189534	0.0507181832298073	0.550541516245487	0.807833537331701
