"mean"	"sd"	"min"	"max"
"1"	0.681338309465853	0.0467170711091976	0.575812274368231	0.811505507955936
