"mean"	"sd"	"min"	"max"
"1"	0.674093838142715	0.0428653282136825	0.58419689119171	0.783353733170135
