"mean"	"sd"	"min"	"max"
"1"	0.678383624609342	0.0499064160471347	0.55956678700361	0.813953488372093
