"mean"	"sd"	"min"	"max"
"1"	0.678785991082037	0.0513741850375227	0.546931407942238	0.818849449204406
