"mean"	"sd"	"min"	"max"
"1"	0.666157580685026	0.052120588158822	0.534296028880866	0.789473684210526
