"mean"	"sd"	"min"	"max"
"1"	0.677284791424006	0.0513449559597755	0.55956678700361	0.810281517747858
