"mean"	"sd"	"min"	"max"
"1"	0.675634172167865	0.0516747098772652	0.555956678700361	0.822521419828641
