"mean"	"sd"	"min"	"max"
"1"	0.670376318283284	0.0507811511602032	0.555956678700361	0.790697674418605
