"mean"	"sd"	"min"	"max"
"1"	0.664689506858128	0.0516715422416513	0.541516245487365	0.793145654834761
