"mean"	"sd"	"min"	"max"
"1"	0.677929872928091	0.050685007094511	0.541516245487365	0.81640146878825
