"mean"	"sd"	"min"	"max"
"1"	0.680680119627261	0.047894805171368	0.583032490974729	0.80905752753978
