"mean"	"sd"	"min"	"max"
"1"	0.669199169933705	0.052949112706561	0.550541516245487	0.812729498164015
