"mean"	"sd"	"min"	"max"
"1"	0.680376619961455	0.0472868208055895	0.583032490974729	0.807833537331701
