"mean"	"sd"	"min"	"max"
"1"	0.665884691900428	0.0523699695953029	0.511144130757801	0.804147465437788
