"mean"	"sd"	"min"	"max"
"1"	0.681483788684843	0.0462054705861464	0.564981949458484	0.796817625458996
