"mean"	"sd"	"min"	"max"
"1"	0.67100874918502	0.0531843834550006	0.528880866425993	0.810281517747858
