"mean"	"sd"	"min"	"max"
"1"	0.653286415988426	0.0563129032283184	0.50222882615156	0.786866359447005
