"mean"	"sd"	"min"	"max"
"1"	0.665088870572309	0.0531959890286308	0.508172362555721	0.802995391705069
