"mean"	"sd"	"min"	"max"
"1"	0.663719038714918	0.0517859547411623	0.548736462093863	0.79147465437788
