"mean"	"sd"	"min"	"max"
"1"	0.662318771684465	0.0531556614748476	0.530685920577617	0.802937576499388
