"mean"	"sd"	"min"	"max"
"1"	0.665818368155321	0.0495721839927968	0.554151624548736	0.796817625458996
