"mean"	"sd"	"min"	"max"
"1"	0.682198416008558	0.0480738198197119	0.575812274368231	0.815177478580171
