"mean"	"sd"	"min"	"max"
"1"	0.681184744613275	0.0482300009874467	0.557761732851986	0.812729498164015
