"mean"	"sd"	"min"	"max"
"1"	0.671880142530827	0.0527145552916048	0.53971119133574	0.811505507955936
