"mean"	"sd"	"min"	"max"
"1"	0.68248075317124	0.0489957028111521	0.566787003610108	0.818849449204406
