"mean"	"sd"	"min"	"max"
"1"	0.671689168126417	0.0524691589111692	0.555956678700361	0.827417380660955
