"mean"	"sd"	"min"	"max"
"1"	0.658854693572239	0.0500865260644878	0.521545319465082	0.831797235023041
