"mean"	"sd"	"min"	"max"
"1"	0.658559549886043	0.0544465392929836	0.491827637444279	0.837557603686636
