"mean"	"sd"	"min"	"max"
"1"	0.66933382196597	0.0511976223330317	0.509658246656761	0.814516129032258
