"mean"	"sd"	"min"	"max"
"1"	0.670281718371676	0.0524960358733915	0.546931407942238	0.815177478580171
