"mean"	"sd"	"min"	"max"
"1"	0.671056185531923	0.0430248028795156	0.567607726597325	0.769585253456221
