"mean"	"sd"	"min"	"max"
"1"	0.673777754092914	0.0482983353517677	0.567689530685921	0.788249694002448
