"mean"	"sd"	"min"	"max"
"1"	0.675078669541228	0.0489146158528717	0.558692421991085	0.807603686635945
