"mean"	"sd"	"min"	"max"
"1"	0.678843848083228	0.0459156502245561	0.590252707581227	0.802937576499388
