"mean"	"sd"	"min"	"max"
"1"	0.67998873732549	0.0465725636867582	0.566787003610108	0.802937576499388
