"mean"	"sd"	"min"	"max"
"1"	0.661265205428126	0.0470681562302969	0.542347696879643	0.779953917050691
