"mean"	"sd"	"min"	"max"
"1"	0.679188463854814	0.0463437749959399	0.557761732851986	0.79436964504284
