"mean"	"sd"	"min"	"max"
"1"	0.67268334423364	0.0521135592047227	0.548736462093863	0.815177478580171
