"mean"	"sd"	"min"	"max"
"1"	0.67847776425731	0.0493823578510373	0.561371841155235	0.799265605875153
