"mean"	"sd"	"min"	"max"
"1"	0.663247005866676	0.0454675623579223	0.548291233283804	0.768433179723502
