"mean"	"sd"	"min"	"max"
"1"	0.671805723277265	0.0524921913224467	0.53971119133574	0.797235023041475
