"mean"	"sd"	"min"	"max"
"1"	0.659178149461308	0.0538466826883386	0.491827637444279	0.827188940092166
