"mean"	"sd"	"min"	"max"
"1"	0.682185643873295	0.0470013603154994	0.561371841155235	0.804161566707466
