"mean"	"sd"	"min"	"max"
"1"	0.676159703890019	0.0476213026779673	0.527075812274368	0.786866359447005
