"mean"	"sd"	"min"	"max"
"1"	0.678605594973966	0.0493894457376686	0.570397111913357	0.810281517747858
