"mean"	"sd"	"min"	"max"
"1"	0.664218312428434	0.0515271300269883	0.53971119133574	0.79436964504284
