"mean"	"sd"	"min"	"max"
"1"	0.659371795804586	0.0541007189349915	0.49479940564636	0.830645161290323
