"mean"	"sd"	"min"	"max"
"1"	0.669577772893573	0.0427006697708135	0.564635958395245	0.761520737327189
