"mean"	"sd"	"min"	"max"
"1"	0.680472185246442	0.0477975399950128	0.566787003610108	0.804161566707466
