"mean"	"sd"	"min"	"max"
"1"	0.672908917550558	0.0532190325120767	0.546931407942238	0.810281517747858
