"mean"	"sd"	"min"	"max"
"1"	0.656366241557435	0.048558588651307	0.506686478454681	0.784562211981567
