"mean"	"sd"	"min"	"max"
"1"	0.679488116792639	0.0488403725908206	0.566787003610108	0.805385556915545
