"mean"	"sd"	"min"	"max"
"1"	0.684543773357743	0.0458572531698763	0.566787003610108	0.80171358629131
