"mean"	"sd"	"min"	"max"
"1"	0.677171825233641	0.0475847701030985	0.548736462093863	0.799265605875153
