"mean"	"sd"	"min"	"max"
"1"	0.666405479043729	0.051502207627979	0.545126353790614	0.79147465437788
