"mean"	"sd"	"min"	"max"
"1"	0.669392722887838	0.0452589761437477	0.560178306092125	0.774193548387097
