"mean"	"sd"	"min"	"max"
"1"	0.67112106968746	0.0495369531937514	0.555956678700361	0.805385556915545
