"mean"	"sd"	"min"	"max"
"1"	0.675020126712524	0.0502763964827427	0.550541516245487	0.810281517747858
