"mean"	"sd"	"min"	"max"
"1"	0.678003383788282	0.0491526673837764	0.568592057761733	0.811505507955936
