"mean"	"sd"	"min"	"max"
"1"	0.66567504209732	0.0505728693470892	0.540861812778603	0.80171358629131
