"mean"	"sd"	"min"	"max"
"1"	0.67684723902012	0.0499166406896791	0.561371841155235	0.81640146878825
