"mean"	"sd"	"min"	"max"
"1"	0.659633667690054	0.0550293741623954	0.487369985141159	0.84331797235023
