"mean"	"sd"	"min"	"max"
"1"	0.680526483567771	0.0474633129961822	0.566787003610108	0.806609547123623
