"mean"	"sd"	"min"	"max"
"1"	0.682297549907896	0.0473460733581923	0.568592057761733	0.804161566707466
