"mean"	"sd"	"min"	"max"
"1"	0.674798798581836	0.0505280147750026	0.552346570397112	0.815177478580171
