"mean"	"sd"	"min"	"max"
"1"	0.680324893116566	0.0460467398672928	0.574007220216607	0.806609547123623
