"mean"	"sd"	"min"	"max"
"1"	0.677968530601134	0.0496410728672409	0.570397111913357	0.815177478580171
