"mean"	"sd"	"min"	"max"
"1"	0.666327666897728	0.0503485507310696	0.537906137184116	0.789473684210526
