"mean"	"sd"	"min"	"max"
"1"	0.676420369365135	0.0497200425954014	0.555956678700361	0.811505507955936
