"mean"	"sd"	"min"	"max"
"1"	0.665272832891525	0.0517629342967839	0.542347696879643	0.804161566707466
