"mean"	"sd"	"min"	"max"
"1"	0.654901456559737	0.0563681687264127	0.482912332838039	0.852534562211982
