"mean"	"sd"	"min"	"max"
"1"	0.673583121055549	0.050640200159206	0.564981949458484	0.812729498164015
