"mean"	"sd"	"min"	"max"
"1"	0.661319090053043	0.0509411464161338	0.532490974729242	0.791921664626683
