"mean"	"sd"	"min"	"max"
"1"	0.678143200350789	0.0498489552154032	0.577617328519856	0.813953488372093
