"mean"	"sd"	"min"	"max"
"1"	0.677511513222112	0.0506466805360166	0.55956678700361	0.818849449204406
