"mean"	"sd"	"min"	"max"
"1"	0.676139414007831	0.0499132977208389	0.557761732851986	0.807833537331701
