"mean"	"sd"	"min"	"max"
"1"	0.65882560974457	0.051615530034833	0.506686478454681	0.783410138248848
