"mean"	"sd"	"min"	"max"
"1"	0.676852243285953	0.0505162249679788	0.550541516245487	0.811505507955936
