"mean"	"sd"	"min"	"max"
"1"	0.678475437245381	0.0490884014522913	0.566787003610108	0.80905752753978
