"mean"	"sd"	"min"	"max"
"1"	0.661552445770203	0.0523891345153347	0.528880866425993	0.800489596083231
