"mean"	"sd"	"min"	"max"
"1"	0.680421851468	0.0491608490503763	0.564981949458484	0.810281517747858
