"mean"	"sd"	"min"	"max"
"1"	0.666671509219032	0.0506056451550728	0.552748885586924	0.802937576499388
