"mean"	"sd"	"min"	"max"
"1"	0.645030088479343	0.0534192591184794	0.487369985141159	0.786866359447005
