"mean"	"sd"	"min"	"max"
"1"	0.682413063254392	0.0479570480996082	0.561371841155235	0.80905752753978
