"mean"	"sd"	"min"	"max"
"1"	0.664556190887055	0.0524362130041596	0.546931407942238	0.796817625458996
