"mean"	"sd"	"min"	"max"
"1"	0.682437688477636	0.0472519999530058	0.557761732851986	0.805385556915545
