"mean"	"sd"	"min"	"max"
"1"	0.664386727414887	0.0506411732635016	0.541516245487365	0.788018433179724
