"mean"	"sd"	"min"	"max"
"1"	0.678314206942189	0.0482887862578822	0.566787003610108	0.813953488372093
