"mean"	"sd"	"min"	"max"
"1"	0.665651527510743	0.0516113260802817	0.534296028880866	0.785714285714286
