"mean"	"sd"	"min"	"max"
"1"	0.679551906953642	0.050766252420825	0.550541516245487	0.810281517747858
