"mean"	"sd"	"min"	"max"
"1"	0.66353653827642	0.0534272121442166	0.527488855869242	0.808755760368664
