"mean"	"sd"	"min"	"max"
"1"	0.676303469294818	0.0417370551476821	0.586787564766839	0.777233782129743
