"mean"	"sd"	"min"	"max"
"1"	0.674325130779073	0.044482131596093	0.575037147102526	0.78702570379437
