"mean"	"sd"	"min"	"max"
"1"	0.668562883947616	0.04939803165315	0.545319465081724	0.797235023041475
