"mean"	"sd"	"min"	"max"
"1"	0.675170285577101	0.0469578032220891	0.58343949044586	0.806609547123623
