"mean"	"sd"	"min"	"max"
"1"	0.655535549235511	0.0532441412116059	0.511144130757801	0.820276497695853
