"mean"	"sd"	"min"	"max"
"1"	0.675631288314854	0.0490562914777616	0.564981949458484	0.802937576499388
