"mean"	"sd"	"min"	"max"
"1"	0.67844425583935	0.051057264679858	0.555956678700361	0.821297429620563
