"mean"	"sd"	"min"	"max"
"1"	0.662145033838729	0.0476370447250515	0.542347696879643	0.779953917050691
