"mean"	"sd"	"min"	"max"
"1"	0.665272130079524	0.0519368910539765	0.508172362555721	0.796082949308756
