"mean"	"sd"	"min"	"max"
"1"	0.681597324078045	0.0473787939559079	0.554151624548736	0.79147465437788
