"mean"	"sd"	"min"	"max"
"1"	0.675711899219463	0.0522873112823866	0.554151624548736	0.815177478580171
