"mean"	"sd"	"min"	"max"
"1"	0.678791198532192	0.047838279429795	0.572202166064982	0.802937576499388
