"mean"	"sd"	"min"	"max"
"1"	0.684133929457291	0.0446940123151562	0.568592057761733	0.788249694002448
