"mean"	"sd"	"min"	"max"
"1"	0.684674655324232	0.0451881935479696	0.572202166064982	0.799265605875153
