"mean"	"sd"	"min"	"max"
"1"	0.67984513377647	0.0487764267777546	0.584837545126354	0.806609547123623
