"mean"	"sd"	"min"	"max"
"1"	0.678181484503468	0.0518653024832515	0.548736462093863	0.812729498164015
