"mean"	"sd"	"min"	"max"
"1"	0.660204451214814	0.0527964837077965	0.50074294205052	0.826036866359447
