"mean"	"sd"	"min"	"max"
"1"	0.660488343025572	0.0472228247156516	0.543321299638989	0.811059907834101
