"mean"	"sd"	"min"	"max"
"1"	0.684361359946322	0.0454035761721816	0.555956678700361	0.791921664626683
