"mean"	"sd"	"min"	"max"
"1"	0.677881024431925	0.0496979678163979	0.554151624548736	0.810281517747858
