"mean"	"sd"	"min"	"max"
"1"	0.68242155232282	0.0478103862659838	0.563176895306859	0.813953488372093
