"mean"	"sd"	"min"	"max"
"1"	0.68581574121061	0.0451866106242806	0.577617328519856	0.805385556915545
