"mean"	"sd"	"min"	"max"
"1"	0.679139411107424	0.0483123077950507	0.564981949458484	0.805385556915545
