"mean"	"sd"	"min"	"max"
"1"	0.680684871852856	0.0480857986299006	0.554151624548736	0.794930875576037
