"mean"	"sd"	"min"	"max"
"1"	0.680133238667867	0.0469951414130848	0.55956678700361	0.800489596083231
