"mean"	"sd"	"min"	"max"
"1"	0.661318992077953	0.0519621576307014	0.523031203566122	0.791921664626683
