"mean"	"sd"	"min"	"max"
"1"	0.668691216826091	0.0508122740394192	0.540861812778603	0.799539170506912
