"mean"	"sd"	"min"	"max"
"1"	0.672347754482814	0.0503901910868582	0.55956678700361	0.813953488372093
