"mean"	"sd"	"min"	"max"
"1"	0.671123975050975	0.0530001552823179	0.536101083032491	0.812729498164015
