"mean"	"sd"	"min"	"max"
"1"	0.656773443336796	0.0538131648736846	0.4962852897474	0.817972350230415
