"mean"	"sd"	"min"	"max"
"1"	0.658994830180559	0.0544970110599174	0.487369985141159	0.817972350230415
