"mean"	"sd"	"min"	"max"
"1"	0.678186777348546	0.0478123302109148	0.545126353790614	0.796817625458996
