"mean"	"sd"	"min"	"max"
"1"	0.65846639086201	0.0517617879627796	0.506686478454681	0.78110599078341
