"mean"	"sd"	"min"	"max"
"1"	0.680148710644458	0.0486563064674779	0.537906137184116	0.798041615667075
