"mean"	"sd"	"min"	"max"
"1"	0.67020043309948	0.0495675573850442	0.552748885586924	0.796082949308756
