"mean"	"sd"	"min"	"max"
"1"	0.679890141724045	0.0480402472407318	0.564981949458484	0.80905752753978
