"mean"	"sd"	"min"	"max"
"1"	0.657192973881021	0.0571055377844001	0.473997028231798	0.846774193548387
