"mean"	"sd"	"min"	"max"
"1"	0.680340881200241	0.0466232199877979	0.588447653429603	0.807833537331701
