"mean"	"sd"	"min"	"max"
"1"	0.67714448741642	0.0498538992253727	0.550541516245487	0.806609547123623
