"mean"	"sd"	"min"	"max"
"1"	0.679708395420997	0.0509726628562327	0.555956678700361	0.805385556915545
