"mean"	"sd"	"min"	"max"
"1"	0.673409884894139	0.0505991352585639	0.564981949458484	0.802937576499388
