"mean"	"sd"	"min"	"max"
"1"	0.673178021192899	0.0524651689146499	0.545126353790614	0.815177478580171
