"mean"	"sd"	"min"	"max"
"1"	0.68379106936957	0.047689292383126	0.57942238267148	0.81640146878825
