"mean"	"sd"	"min"	"max"
"1"	0.675323036251489	0.0500712318329429	0.543321299638989	0.815177478580171
