"mean"	"sd"	"min"	"max"
"1"	0.673781234879595	0.0523744992411952	0.541516245487365	0.811505507955936
