"mean"	"sd"	"min"	"max"
"1"	0.678069259632655	0.0501466107002883	0.550541516245487	0.80171358629131
