"mean"	"sd"	"min"	"max"
"1"	0.676852529859368	0.0512744229847711	0.570579494799406	0.804147465437788
