"mean"	"sd"	"min"	"max"
"1"	0.68468883396733	0.0444553807915465	0.566787003610108	0.785801713586291
