"mean"	"sd"	"min"	"max"
"1"	0.667368454140281	0.0521084370488327	0.511144130757801	0.808755760368664
