"mean"	"sd"	"min"	"max"
"1"	0.636716324229921	0.0570214320712894	0.491827637444279	0.789170506912442
