"mean"	"sd"	"min"	"max"
"1"	0.680651759203616	0.0472488685002362	0.568592057761733	0.806609547123623
