"mean"	"sd"	"min"	"max"
"1"	0.661342338827156	0.0473103254079037	0.540861812778603	0.78110599078341
