"mean"	"sd"	"min"	"max"
"1"	0.683086383376719	0.043164541210278	0.572202166064982	0.793145654834761
