"mean"	"sd"	"min"	"max"
"1"	0.674449883464283	0.0502950155036172	0.557761732851986	0.80905752753978
