"mean"	"sd"	"min"	"max"
"1"	0.662382750502245	0.0501319474091877	0.552346570397112	0.784577723378213
