"mean"	"sd"	"min"	"max"
"1"	0.667941476796276	0.04981449631079	0.541516245487365	0.786866359447005
