"mean"	"sd"	"min"	"max"
"1"	0.674224970719152	0.0429478800905981	0.58419689119171	0.784577723378213
