"mean"	"sd"	"min"	"max"
"1"	0.674045663353367	0.0499890656234016	0.555956678700361	0.806609547123623
