"mean"	"sd"	"min"	"max"
"1"	0.680722751056901	0.0457472615067216	0.583032490974729	0.80171358629131
