"mean"	"sd"	"min"	"max"
"1"	0.68129754363137	0.0467972400827388	0.588447653429603	0.810281517747858
