"mean"	"sd"	"min"	"max"
"1"	0.675569043643028	0.0462672223839142	0.532490974729242	0.788249694002448
