"mean"	"sd"	"min"	"max"
"1"	0.679860514004883	0.0464029764951234	0.575812274368231	0.80171358629131
