"mean"	"sd"	"min"	"max"
"1"	0.656798226839252	0.0506914954498372	0.509658246656761	0.783353733170135
