"mean"	"sd"	"min"	"max"
"1"	0.6524041001456	0.0503598422520472	0.523465703971119	0.769889840881273
