"mean"	"sd"	"min"	"max"
"1"	0.678442225395621	0.0466513849828506	0.552346570397112	0.793145654834761
