"mean"	"sd"	"min"	"max"
"1"	0.674243937479823	0.0513543309603665	0.557761732851986	0.812729498164015
