"mean"	"sd"	"min"	"max"
"1"	0.682547118814114	0.0484564978772764	0.566787003610108	0.811505507955936
