"mean"	"sd"	"min"	"max"
"1"	0.663883363835039	0.0503499860943648	0.541516245487365	0.782258064516129
