"mean"	"sd"	"min"	"max"
"1"	0.681780757238663	0.0490291420221011	0.548736462093863	0.813953488372093
