"mean"	"sd"	"min"	"max"
"1"	0.684392793077846	0.0466973550280901	0.574007220216607	0.795593635250918
