"mean"	"sd"	"min"	"max"
"1"	0.683574951631959	0.0489723589828955	0.572202166064982	0.818849449204406
