"mean"	"sd"	"min"	"max"
"1"	0.673964999875096	0.0487144287597455	0.557761732851986	0.793145654834761
