"mean"	"sd"	"min"	"max"
"1"	0.667723513504525	0.0525054812625003	0.512630014858841	0.816820276497696
