"mean"	"sd"	"min"	"max"
"1"	0.67741261383013	0.0492376861916115	0.557761732851986	0.810281517747858
