"mean"	"sd"	"min"	"max"
"1"	0.680117192982729	0.0483016190042898	0.545126353790614	0.806609547123623
