"mean"	"sd"	"min"	"max"
"1"	0.670035347801557	0.0513531278010947	0.557761732851986	0.812729498164015
