"mean"	"sd"	"min"	"max"
"1"	0.67864749082864	0.0468619486946656	0.554151624548736	0.788249694002448
