"mean"	"sd"	"min"	"max"
"1"	0.681408163128932	0.0476098409082782	0.574007220216607	0.807833537331701
