"mean"	"sd"	"min"	"max"
"1"	0.657270713914713	0.0543793592065389	0.487369985141159	0.826036866359447
