"mean"	"sd"	"min"	"max"
"1"	0.674392743918433	0.0491087030897587	0.579531442663379	0.804161566707466
