"mean"	"sd"	"min"	"max"
"1"	0.681666757661616	0.0487101240384382	0.546931407942238	0.799539170506912
