"mean"	"sd"	"min"	"max"
"1"	0.66233313216864	0.0526775897119556	0.520059435364042	0.790697674418605
