"mean"	"sd"	"min"	"max"
"1"	0.674807099996206	0.0435278099007212	0.587730061349693	0.784577723378213
