"mean"	"sd"	"min"	"max"
"1"	0.680180598932814	0.0474505500923832	0.575812274368231	0.807833537331701
