"mean"	"sd"	"min"	"max"
"1"	0.664032003560197	0.0524589487797685	0.512630014858841	0.790322580645161
