"mean"	"sd"	"min"	"max"
"1"	0.672817728473348	0.0522540025613724	0.543321299638989	0.810281517747858
