"mean"	"sd"	"min"	"max"
"1"	0.678721575325922	0.0481128205670745	0.554151624548736	0.80905752753978
