"mean"	"sd"	"min"	"max"
"1"	0.678476632354739	0.0496599559636919	0.555956678700361	0.805385556915545
