"mean"	"sd"	"min"	"max"
"1"	0.680329923957485	0.0463692779379528	0.570397111913357	0.806609547123623
