"mean"	"sd"	"min"	"max"
"1"	0.674592186373698	0.0436602486180492	0.575037147102526	0.790697674418605
