"mean"	"sd"	"min"	"max"
"1"	0.681450587786335	0.0478451026631779	0.555956678700361	0.80171358629131
