"mean"	"sd"	"min"	"max"
"1"	0.677780551760867	0.0462059689454417	0.564981949458484	0.79436964504284
