"mean"	"sd"	"min"	"max"
"1"	0.677589252728356	0.0505240603326269	0.552346570397112	0.806609547123623
