"mean"	"sd"	"min"	"max"
"1"	0.678308753724713	0.0467526335351283	0.568592057761733	0.798041615667075
