"mean"	"sd"	"min"	"max"
"1"	0.666470472378175	0.0519774714449916	0.512630014858841	0.79147465437788
