"mean"	"sd"	"min"	"max"
"1"	0.685610403278221	0.0467087898886902	0.55956678700361	0.800489596083231
