"mean"	"sd"	"min"	"max"
"1"	0.68063997969127	0.0462708216342788	0.568592057761733	0.807833537331701
