"mean"	"sd"	"min"	"max"
"1"	0.676770093346286	0.0496534336447797	0.53971119133574	0.798041615667075
