"mean"	"sd"	"min"	"max"
"1"	0.658564928013232	0.0524848619996591	0.509658246656761	0.78110599078341
