"mean"	"sd"	"min"	"max"
"1"	0.672652839695454	0.0512982404640504	0.557761732851986	0.812729498164015
