"mean"	"sd"	"min"	"max"
"1"	0.670604437617026	0.0535226432459188	0.541516245487365	0.827417380660955
