"mean"	"sd"	"min"	"max"
"1"	0.656149163992156	0.0531204777453199	0.482912332838039	0.827188940092166
