"mean"	"sd"	"min"	"max"
"1"	0.659111678667609	0.052294719136744	0.511144130757801	0.784577723378213
