"mean"	"sd"	"min"	"max"
"1"	0.660582380631528	0.0528326699781521	0.521545319465082	0.784562211981567
