"mean"	"sd"	"min"	"max"
"1"	0.65932143228384	0.0538628709852334	0.5037147102526	0.826036866359447
