"mean"	"sd"	"min"	"max"
"1"	0.663562008715281	0.0474749313877232	0.537890044576523	0.783410138248848
