"mean"	"sd"	"min"	"max"
"1"	0.667546009717994	0.0528754309422583	0.509658246656761	0.820276497695853
