"mean"	"sd"	"min"	"max"
"1"	0.660987886678367	0.0526158691488694	0.524517087667162	0.793145654834761
