"mean"	"sd"	"min"	"max"
"1"	0.661775504834961	0.0537611224555986	0.509658246656761	0.804147465437788
