"mean"	"sd"	"min"	"max"
"1"	0.661001346978557	0.0523309059798315	0.514115898959881	0.790322580645161
