"mean"	"sd"	"min"	"max"
"1"	0.679947136027209	0.0471676417224447	0.574007220216607	0.802937576499388
