"mean"	"sd"	"min"	"max"
"1"	0.678827504424649	0.0505480808194342	0.550541516245487	0.811505507955936
