"mean"	"sd"	"min"	"max"
"1"	0.67527938005598	0.0512792323405383	0.555956678700361	0.811505507955936
