"mean"	"sd"	"min"	"max"
"1"	0.679432486903354	0.0483108765318256	0.55956678700361	0.807833537331701
