"mean"	"sd"	"min"	"max"
"1"	0.659432315745319	0.053171641035872	0.511144130757801	0.823732718894009
