"mean"	"sd"	"min"	"max"
"1"	0.678338383999953	0.05082003241327	0.554151624548736	0.807833537331701
