"mean"	"sd"	"min"	"max"
"1"	0.677595432165841	0.051835166588484	0.555956678700361	0.81640146878825
