"mean"	"sd"	"min"	"max"
"1"	0.684566685202546	0.0477702728650486	0.582466567607727	0.820073439412485
