"mean"	"sd"	"min"	"max"
"1"	0.661992011913002	0.0523605777943317	0.541516245487365	0.798041615667075
