"mean"	"sd"	"min"	"max"
"1"	0.676051704592499	0.0479190203779264	0.555956678700361	0.806609547123623
