"mean"	"sd"	"min"	"max"
"1"	0.6863749068962	0.0453647730947462	0.575812274368231	0.805385556915545
