"mean"	"sd"	"min"	"max"
"1"	0.675220988781777	0.051346900563383	0.554151624548736	0.81640146878825
