"mean"	"sd"	"min"	"max"
"1"	0.685091914646985	0.0453306892781183	0.577617328519856	0.802937576499388
