"mean"	"sd"	"min"	"max"
"1"	0.667443661937032	0.05121947158031	0.537906137184116	0.796082949308756
