"mean"	"sd"	"min"	"max"
"1"	0.678610948711291	0.0504806389842048	0.552346570397112	0.813953488372093
