"mean"	"sd"	"min"	"max"
"1"	0.670696031593015	0.0501472986496493	0.555956678700361	0.807833537331701
