"mean"	"sd"	"min"	"max"
"1"	0.65763619826652	0.0533352289466104	0.4962852897474	0.820276497695853
