"mean"	"sd"	"min"	"max"
"1"	0.678245452812697	0.0486153839124657	0.557761732851986	0.800489596083231
