"mean"	"sd"	"min"	"max"
"1"	0.67338614277395	0.0512535139395667	0.55956678700361	0.811505507955936
