"mean"	"sd"	"min"	"max"
"1"	0.662566665016718	0.0479262105524625	0.537890044576523	0.784562211981567
