"mean"	"sd"	"min"	"max"
"1"	0.678870179423526	0.0493022159921211	0.554151624548736	0.805385556915545
