"mean"	"sd"	"min"	"max"
"1"	0.664687460387484	0.0497559571251154	0.542347696879643	0.797235023041475
