"mean"	"sd"	"min"	"max"
"1"	0.657340087122806	0.0533112623872321	0.49925705794948	0.820276497695853
