"mean"	"sd"	"min"	"max"
"1"	0.666953721080699	0.0512243409396639	0.524517087667162	0.806451612903226
