"mean"	"sd"	"min"	"max"
"1"	0.678274044929843	0.0458020399518475	0.557761732851986	0.811505507955936
