"mean"	"sd"	"min"	"max"
"1"	0.681343602910161	0.0468068830963719	0.554151624548736	0.799265605875153
