"mean"	"sd"	"min"	"max"
"1"	0.682441731736584	0.0498689493928913	0.554151624548736	0.822521419828641
