"mean"	"sd"	"min"	"max"
"1"	0.672122697787606	0.0504476560137796	0.563176895306859	0.811505507955936
