"mean"	"sd"	"min"	"max"
"1"	0.658505296405083	0.053507357203079	0.481426448736999	0.837557603686636
