"mean"	"sd"	"min"	"max"
"1"	0.667833006612812	0.05243745992284	0.506686478454681	0.819124423963134
