"mean"	"sd"	"min"	"max"
"1"	0.677062196374328	0.0521440059796485	0.546931407942238	0.817625458996328
