"mean"	"sd"	"min"	"max"
"1"	0.662355728425721	0.050548612647117	0.560178306092125	0.802937576499388
