"mean"	"sd"	"min"	"max"
"1"	0.678802163931078	0.0519018705886745	0.545126353790614	0.80905752753978
