"mean"	"sd"	"min"	"max"
"1"	0.681982032885673	0.0472282773274963	0.572202166064982	0.804161566707466
