"mean"	"sd"	"min"	"max"
"1"	0.663014234585249	0.0454040641065524	0.548291233283804	0.767281105990783
