"mean"	"sd"	"min"	"max"
"1"	0.670200426171037	0.0515458977737429	0.550541516245487	0.80171358629131
