"mean"	"sd"	"min"	"max"
"1"	0.658792315834149	0.057308121415066	0.471025260029718	0.838709677419355
