"mean"	"sd"	"min"	"max"
"1"	0.670476439458213	0.0499806557357075	0.548736462093863	0.802995391705069
