"mean"	"sd"	"min"	"max"
"1"	0.678537659172391	0.0507433781212233	0.554151624548736	0.809907834101382
