"mean"	"sd"	"min"	"max"
"1"	0.674590071150608	0.0525851872344228	0.548736462093863	0.813953488372093
