"mean"	"sd"	"min"	"max"
"1"	0.681909469477234	0.0465521074252647	0.557761732851986	0.795593635250918
