"mean"	"sd"	"min"	"max"
"1"	0.680357106496156	0.0470853353452422	0.584837545126354	0.807833537331701
