"mean"	"sd"	"min"	"max"
"1"	0.67933867087471	0.0492789615668968	0.545126353790614	0.806609547123623
