"mean"	"sd"	"min"	"max"
"1"	0.675667886801575	0.0526032642946862	0.528880866425993	0.810281517747858
