"mean"	"sd"	"min"	"max"
"1"	0.654870909268088	0.0541470535666541	0.506686478454681	0.802995391705069
