"mean"	"sd"	"min"	"max"
"1"	0.673106680601857	0.0513333415051304	0.564981949458484	0.817625458996328
