"mean"	"sd"	"min"	"max"
"1"	0.664378735022026	0.0538538225885528	0.509658246656761	0.796082949308756
