"mean"	"sd"	"min"	"max"
"1"	0.676920542124801	0.0479957381950173	0.536101083032491	0.768604651162791
