"mean"	"sd"	"min"	"max"
"1"	0.679934320125224	0.0451022424348966	0.586642599277978	0.80171358629131
