"mean"	"sd"	"min"	"max"
"1"	0.679695760415146	0.0496359412884168	0.582466567607727	0.817625458996328
