"mean"	"sd"	"min"	"max"
"1"	0.676584944252617	0.0466352343047404	0.552346570397112	0.80171358629131
