"mean"	"sd"	"min"	"max"
"1"	0.65573502891427	0.055708956478638	0.484398216939079	0.842165898617512
