"mean"	"sd"	"min"	"max"
"1"	0.66798221802463	0.0513982365738666	0.520059435364042	0.817972350230415
