"mean"	"sd"	"min"	"max"
"1"	0.665442324799372	0.0516451163486186	0.548291233283804	0.805299539170507
