"mean"	"sd"	"min"	"max"
"1"	0.662926718762257	0.0518654849517689	0.546931407942238	0.798041615667075
