"mean"	"sd"	"min"	"max"
"1"	0.68161085916726	0.0480725373717384	0.557761732851986	0.804161566707466
