"mean"	"sd"	"min"	"max"
"1"	0.679375442253392	0.0489557636158356	0.564981949458484	0.810281517747858
