"mean"	"sd"	"min"	"max"
"1"	0.664271375760494	0.052487929178105	0.536101083032491	0.796817625458996
