"mean"	"sd"	"min"	"max"
"1"	0.6799369587468	0.0467485955126411	0.561371841155235	0.802937576499388
