"mean"	"sd"	"min"	"max"
"1"	0.667286874756198	0.0523030599700514	0.514440433212996	0.794930875576037
