"mean"	"sd"	"min"	"max"
"1"	0.666197293340169	0.0533568132593391	0.537906137184116	0.799539170506912
