"mean"	"sd"	"min"	"max"
"1"	0.665361364646519	0.0518207101738863	0.536101083032491	0.802995391705069
