"mean"	"sd"	"min"	"max"
"1"	0.681598034415442	0.0469236006259397	0.563176895306859	0.791921664626683
