"mean"	"sd"	"min"	"max"
"1"	0.680866214888185	0.0465246744106585	0.552346570397112	0.80171358629131
