"mean"	"sd"	"min"	"max"
"1"	0.664897910830459	0.0490385476493777	0.543833580980683	0.79436964504284
