"mean"	"sd"	"min"	"max"
"1"	0.652088477116735	0.0496486338312556	0.559186189889026	0.79436964504284
