"mean"	"sd"	"min"	"max"
"1"	0.67918952748421	0.0468834557245729	0.57942238267148	0.80905752753978
