"mean"	"sd"	"min"	"max"
"1"	0.68264772798894	0.048557809264778	0.566787003610108	0.818849449204406
