"mean"	"sd"	"min"	"max"
"1"	0.68106917605402	0.0457665578446166	0.561371841155235	0.783353733170135
