"mean"	"sd"	"min"	"max"
"1"	0.68414401876189	0.0446315358464089	0.568592057761733	0.796817625458996
