"mean"	"sd"	"min"	"max"
"1"	0.682181151181611	0.0484641273185626	0.561371841155235	0.805385556915545
