"mean"	"sd"	"min"	"max"
"1"	0.678301293315482	0.0477221265301667	0.588447653429603	0.81640146878825
