"mean"	"sd"	"min"	"max"
"1"	0.655561533442697	0.0557148638644444	0.508172362555721	0.830645161290323
