"mean"	"sd"	"min"	"max"
"1"	0.666732608984502	0.0516358794153064	0.543833580980683	0.80171358629131
