"mean"	"sd"	"min"	"max"
"1"	0.657298042716442	0.0539088456005014	0.506686478454681	0.819124423963134
