"mean"	"sd"	"min"	"max"
"1"	0.657698512187842	0.0540955373673568	0.49479940564636	0.820276497695853
