"mean"	"sd"	"min"	"max"
"1"	0.658890293199333	0.0529274124701866	0.50520059435364	0.819124423963134
