"mean"	"sd"	"min"	"max"
"1"	0.674450926717917	0.0436989997522089	0.575037147102526	0.789473684210526
