"mean"	"sd"	"min"	"max"
"1"	0.684183302006869	0.0451419442094138	0.55956678700361	0.78702570379437
