"mean"	"sd"	"min"	"max"
"1"	0.67179163207377	0.0503279308008535	0.554151624548736	0.809907834101382
