"mean"	"sd"	"min"	"max"
"1"	0.660641911619518	0.0528600959227629	0.508172362555721	0.820276497695853
