"mean"	"sd"	"min"	"max"
"1"	0.681135790943416	0.04808108048954	0.570397111913357	0.820073439412485
