"mean"	"sd"	"min"	"max"
"1"	0.67600165536589	0.0497805873274968	0.550541516245487	0.804161566707466
