"mean"	"sd"	"min"	"max"
"1"	0.662099795985276	0.0507716044076254	0.521545319465082	0.796082949308756
