"mean"	"sd"	"min"	"max"
"1"	0.65757699857456	0.0571080472094494	0.468053491827637	0.839861751152074
