"mean"	"sd"	"min"	"max"
"1"	0.680841494459362	0.0474093948195421	0.552346570397112	0.795593635250918
