"mean"	"sd"	"min"	"max"
"1"	0.682527444344845	0.045035933736263	0.550541516245487	0.778801843317972
