"mean"	"sd"	"min"	"max"
"1"	0.668272229332906	0.0504571376834684	0.537890044576523	0.820276497695853
