"mean"	"sd"	"min"	"max"
"1"	0.654702211310407	0.0513612584600316	0.49777117384844	0.805299539170507
