"mean"	"sd"	"min"	"max"
"1"	0.657744988992042	0.0523639355330192	0.518573551263002	0.793778801843318
