"mean"	"sd"	"min"	"max"
"1"	0.679548299484556	0.0456425289239689	0.577617328519856	0.806609547123623
