"mean"	"sd"	"min"	"max"
"1"	0.67413718584887	0.0518104211739758	0.555956678700361	0.812729498164015
