"mean"	"sd"	"min"	"max"
"1"	0.679807364645822	0.0486476556380581	0.561371841155235	0.812729498164015
