"mean"	"sd"	"min"	"max"
"1"	0.663361445633158	0.0509835074970652	0.548736462093863	0.796817625458996
