"mean"	"sd"	"min"	"max"
"1"	0.67682821099229	0.0505972212814028	0.550541516245487	0.805385556915545
