"mean"	"sd"	"min"	"max"
"1"	0.678638840827996	0.0477626639673465	0.548736462093863	0.802937576499388
