"mean"	"sd"	"min"	"max"
"1"	0.676259551311129	0.041876721071775	0.586787564766839	0.776009791921665
