"mean"	"sd"	"min"	"max"
"1"	0.682540171076068	0.0475218356484921	0.557761732851986	0.806609547123623
