"mean"	"sd"	"min"	"max"
"1"	0.68161970313002	0.0483958428678554	0.545126353790614	0.789473684210526
