"mean"	"sd"	"min"	"max"
"1"	0.679569590765813	0.0517932930051501	0.552346570397112	0.81640146878825
