"mean"	"sd"	"min"	"max"
"1"	0.679006730084409	0.0478643136890577	0.552346570397112	0.79436964504284
