"mean"	"sd"	"min"	"max"
"1"	0.655612125477889	0.0570185701657116	0.460624071322437	0.846774193548387
