"mean"	"sd"	"min"	"max"
"1"	0.678124030079757	0.0491721648757827	0.572202166064982	0.811505507955936
