"mean"	"sd"	"min"	"max"
"1"	0.679637772244545	0.0466215348424692	0.570397111913357	0.799265605875153
