"mean"	"sd"	"min"	"max"
"1"	0.678979542705894	0.0484304792796895	0.575812274368231	0.806609547123623
