"mean"	"sd"	"min"	"max"
"1"	0.682720728052612	0.0481971032669023	0.574007220216607	0.81640146878825
