"mean"	"sd"	"min"	"max"
"1"	0.680305623900613	0.0489847516932779	0.57942238267148	0.817625458996328
