"mean"	"sd"	"min"	"max"
"1"	0.681591215484421	0.0476115937447818	0.555956678700361	0.79436964504284
