"mean"	"sd"	"min"	"max"
"1"	0.675179041870389	0.0433104502878945	0.586503067484663	0.783353733170135
