"mean"	"sd"	"min"	"max"
"1"	0.65996936718783	0.0545699283527574	0.4962852897474	0.834101382488479
