"mean"	"sd"	"min"	"max"
"1"	0.664366709059012	0.0517771912279894	0.531946508172363	0.79147465437788
