"mean"	"sd"	"min"	"max"
"1"	0.662115654365574	0.0526218141982628	0.537890044576523	0.804161566707466
