"mean"	"sd"	"min"	"max"
"1"	0.651272427786016	0.0559538955525188	0.49479940564636	0.800691244239631
