"mean"	"sd"	"min"	"max"
"1"	0.670925542984168	0.053466731175982	0.543321299638989	0.817625458996328
