"mean"	"sd"	"min"	"max"
"1"	0.677632732521373	0.0484758339066549	0.572202166064982	0.807833537331701
