"mean"	"sd"	"min"	"max"
"1"	0.662142528245815	0.051180462377451	0.552346570397112	0.796817625458996
