"mean"	"sd"	"min"	"max"
"1"	0.66625781745233	0.0523603295485882	0.53971119133574	0.782129742962056
