"mean"	"sd"	"min"	"max"
"1"	0.679582351381132	0.0500008242150301	0.546931407942238	0.807833537331701
