"mean"	"sd"	"min"	"max"
"1"	0.676145949914763	0.0419474323351539	0.586787564766839	0.774785801713586
