"mean"	"sd"	"min"	"max"
"1"	0.661165736932321	0.053955716028441	0.49925705794948	0.82258064516129
