"mean"	"sd"	"min"	"max"
"1"	0.658276448627616	0.0530665955394664	0.5037147102526	0.830645161290323
