"mean"	"sd"	"min"	"max"
"1"	0.67878977579799	0.0502460974815059	0.554151624548736	0.81640146878825
