"mean"	"sd"	"min"	"max"
"1"	0.679195026951558	0.0502137565129803	0.561371841155235	0.812729498164015
