"mean"	"sd"	"min"	"max"
"1"	0.678662136392458	0.0488559877855676	0.568592057761733	0.805385556915545
