"mean"	"sd"	"min"	"max"
"1"	0.67781179196365	0.0503275413961441	0.557761732851986	0.813953488372093
