"mean"	"sd"	"min"	"max"
"1"	0.682028534316884	0.0475836547546171	0.568592057761733	0.805385556915545
