"mean"	"sd"	"min"	"max"
"1"	0.662451900868782	0.0520803485973606	0.537906137184116	0.799265605875153
