"mean"	"sd"	"min"	"max"
"1"	0.672624254916808	0.0507677796547021	0.561371841155235	0.810281517747858
