"mean"	"sd"	"min"	"max"
"1"	0.671405736478293	0.0505693328139774	0.550541516245487	0.815177478580171
