"mean"	"sd"	"min"	"max"
"1"	0.678649754743943	0.0491781896672354	0.563176895306859	0.810281517747858
