"mean"	"sd"	"min"	"max"
"1"	0.672325783888277	0.0502871132431336	0.551263001485884	0.795593635250918
