"mean"	"sd"	"min"	"max"
"1"	0.674311116946425	0.0427145092213224	0.585492227979275	0.784577723378213
