"mean"	"sd"	"min"	"max"
"1"	0.674757290882354	0.0484071258598073	0.566787003610108	0.806451612903226
