"mean"	"sd"	"min"	"max"
"1"	0.659662060201463	0.053929962682546	0.485884101040119	0.836405529953917
