"mean"	"sd"	"min"	"max"
"1"	0.674209690465	0.0426037934195572	0.586787564766839	0.784577723378213
