"mean"	"sd"	"min"	"max"
"1"	0.674586967143193	0.0510855188940207	0.546931407942238	0.811505507955936
