"mean"	"sd"	"min"	"max"
"1"	0.678507583805047	0.0461419650443068	0.564981949458484	0.799265605875153
