"mean"	"sd"	"min"	"max"
"1"	0.683282976005066	0.0442591821279594	0.575812274368231	0.785801713586291
