"mean"	"sd"	"min"	"max"
"1"	0.669664167100368	0.043185460132587	0.566121842496285	0.762672811059908
