"mean"	"sd"	"min"	"max"
"1"	0.672492695510272	0.053487427802615	0.543321299638989	0.81640146878825
