"mean"	"sd"	"min"	"max"
"1"	0.678659841818724	0.0483901993358586	0.541516245487365	0.799265605875153
