"mean"	"sd"	"min"	"max"
"1"	0.667813460908729	0.0518763039520014	0.5037147102526	0.802995391705069
