"mean"	"sd"	"min"	"max"
"1"	0.682329912515715	0.0451609942926733	0.555956678700361	0.780905752753978
