"mean"	"sd"	"min"	"max"
"1"	0.675900216834666	0.0502192102880088	0.550541516245487	0.810281517747858
