"mean"	"sd"	"min"	"max"
"1"	0.679832085509739	0.0508202875396241	0.554151624548736	0.806609547123623
