"mean"	"sd"	"min"	"max"
"1"	0.67185449188787	0.0528242334386561	0.555956678700361	0.811505507955936
