"mean"	"sd"	"min"	"max"
"1"	0.63806517541736	0.0511428785220118	0.49777117384844	0.816820276497696
