"mean"	"sd"	"min"	"max"
"1"	0.674094426272691	0.048761851148519	0.557761732851986	0.80184331797235
