"mean"	"sd"	"min"	"max"
"1"	0.682240754038049	0.0474550196739541	0.574007220216607	0.81640146878825
