"mean"	"sd"	"min"	"max"
"1"	0.676831938725885	0.0512117499680475	0.541516245487365	0.807833537331701
