"mean"	"sd"	"min"	"max"
"1"	0.669961375266766	0.0506368670445229	0.548736462093863	0.798041615667075
