"mean"	"sd"	"min"	"max"
"1"	0.68324989641934	0.0473787462335064	0.577617328519856	0.817625458996328
