"mean"	"sd"	"min"	"max"
"1"	0.681163195738967	0.0485313985423128	0.568592057761733	0.806609547123623
