"mean"	"sd"	"min"	"max"
"1"	0.681887046987157	0.0474019154040984	0.554151624548736	0.800489596083231
