"mean"	"sd"	"min"	"max"
"1"	0.670696824842291	0.0505844450954805	0.541516245487365	0.799539170506912
