"mean"	"sd"	"min"	"max"
"1"	0.675148094606479	0.0433599589414965	0.586503067484663	0.783353733170135
