"mean"	"sd"	"min"	"max"
"1"	0.686950294198888	0.0466492810554617	0.555956678700361	0.806609547123623
