"mean"	"sd"	"min"	"max"
"1"	0.680424345365764	0.0458777362179028	0.577617328519856	0.806609547123623
