"mean"	"sd"	"min"	"max"
"1"	0.658538650330169	0.0569560400675912	0.471025260029718	0.850230414746544
