"mean"	"sd"	"min"	"max"
"1"	0.672439102656101	0.052332555582657	0.552346570397112	0.811505507955936
