"mean"	"sd"	"min"	"max"
"1"	0.659741409866566	0.0514265325804675	0.518573551263002	0.800691244239631
