"mean"	"sd"	"min"	"max"
"1"	0.682973613006531	0.0480863206429183	0.574007220216607	0.815177478580171
