"mean"	"sd"	"min"	"max"
"1"	0.666332980286626	0.0520143088296559	0.532490974729242	0.794930875576037
