"mean"	"sd"	"min"	"max"
"1"	0.672728883900537	0.0507566241031543	0.568592057761733	0.822521419828641
