"mean"	"sd"	"min"	"max"
"1"	0.674323381398448	0.0439393526698568	0.572065378900446	0.790697674418605
