"mean"	"sd"	"min"	"max"
"1"	0.682386063888198	0.0476963115847785	0.570397111913357	0.80905752753978
