"mean"	"sd"	"min"	"max"
"1"	0.665947151236172	0.0528119027308894	0.540861812778603	0.805385556915545
