"mean"	"sd"	"min"	"max"
"1"	0.666747527666769	0.0519571978548616	0.50520059435364	0.808755760368664
