"mean"	"sd"	"min"	"max"
"1"	0.676764578228618	0.0493049606683018	0.55956678700361	0.804161566707466
