"mean"	"sd"	"min"	"max"
"1"	0.666098153148539	0.0521185510301093	0.532490974729242	0.790697674418605
