"mean"	"sd"	"min"	"max"
"1"	0.675001439705052	0.0500138500930414	0.554151624548736	0.810281517747858
