"mean"	"sd"	"min"	"max"
"1"	0.664021997496538	0.0504657349104383	0.543833580980683	0.800489596083231
