"mean"	"sd"	"min"	"max"
"1"	0.672797093917004	0.045777954580658	0.536101083032491	0.78702570379437
