"mean"	"sd"	"min"	"max"
"1"	0.665236248227239	0.0458938320626644	0.548291233283804	0.771889400921659
