"mean"	"sd"	"min"	"max"
"1"	0.678321159195618	0.0474501117630879	0.563176895306859	0.807833537331701
