"mean"	"sd"	"min"	"max"
"1"	0.657127667058311	0.0570752472112872	0.468053491827637	0.842165898617512
