"mean"	"sd"	"min"	"max"
"1"	0.659984603362556	0.0539736361256136	0.490341753343239	0.844470046082949
