"mean"	"sd"	"min"	"max"
"1"	0.676074976322319	0.0459673805926877	0.572202166064982	0.798041615667075
