"mean"	"sd"	"min"	"max"
"1"	0.656251729633309	0.0546968417017515	0.50222882615156	0.820276497695853
