"mean"	"sd"	"min"	"max"
"1"	0.666600964125863	0.0455079058941007	0.536404160475483	0.775345622119816
