"mean"	"sd"	"min"	"max"
"1"	0.669529910768846	0.0508450400410526	0.537906137184116	0.796082949308756
