"mean"	"sd"	"min"	"max"
"1"	0.673477780348994	0.051481107254874	0.555956678700361	0.811505507955936
