"mean"	"sd"	"min"	"max"
"1"	0.674165688132383	0.0503874798738234	0.55956678700361	0.812729498164015
