"mean"	"sd"	"min"	"max"
"1"	0.662821181134325	0.0539933297121768	0.515601783060921	0.800691244239631
