"mean"	"sd"	"min"	"max"
"1"	0.682152390049343	0.0478769788474937	0.55956678700361	0.799265605875153
