"mean"	"sd"	"min"	"max"
"1"	0.665319123554629	0.0505662120200602	0.542347696879643	0.800489596083231
