"mean"	"sd"	"min"	"max"
"1"	0.684584410443473	0.0455113032778013	0.574007220216607	0.796817625458996
