"mean"	"sd"	"min"	"max"
"1"	0.673697297779472	0.0484200589726317	0.554151624548736	0.791921664626683
