"mean"	"sd"	"min"	"max"
"1"	0.678690653508181	0.0497248664175063	0.537906137184116	0.802995391705069
