"mean"	"sd"	"min"	"max"
"1"	0.679674540631857	0.0472223606396544	0.55956678700361	0.805385556915545
