"mean"	"sd"	"min"	"max"
"1"	0.666425451943155	0.0528588283314693	0.518573551263002	0.804147465437788
