"mean"	"sd"	"min"	"max"
"1"	0.66041325207091	0.0542900721009034	0.491827637444279	0.842165898617512
