"mean"	"sd"	"min"	"max"
"1"	0.677855784145416	0.0489238173725167	0.55956678700361	0.806609547123623
