"mean"	"sd"	"min"	"max"
"1"	0.671662677343757	0.0497531590193862	0.545319465081724	0.805299539170507
