"mean"	"sd"	"min"	"max"
"1"	0.658861122752865	0.0529194113273127	0.50520059435364	0.820276497695853
