"mean"	"sd"	"min"	"max"
"1"	0.687113619664402	0.0475008134464076	0.564981949458484	0.804161566707466
