"mean"	"sd"	"min"	"max"
"1"	0.681765540791743	0.0477483835175161	0.552346570397112	0.799265605875153
