"mean"	"sd"	"min"	"max"
"1"	0.676285331584672	0.0418611789109496	0.588082901554404	0.774785801713586
