"mean"	"sd"	"min"	"max"
"1"	0.665388557093755	0.0511269871636043	0.53971119133574	0.798387096774194
