"mean"	"sd"	"min"	"max"
"1"	0.677713702489904	0.0501304871538446	0.554151624548736	0.821297429620563
