"mean"	"sd"	"min"	"max"
"1"	0.663955070542823	0.0534391745903997	0.517087667161961	0.802995391705069
