"mean"	"sd"	"min"	"max"
"1"	0.684576970813347	0.0447334628345699	0.591381872213967	0.805385556915545
