"mean"	"sd"	"min"	"max"
"1"	0.675930886385303	0.0514943847620787	0.554151624548736	0.804161566707466
