"mean"	"sd"	"min"	"max"
"1"	0.661959671676282	0.0473610219282857	0.540861812778603	0.782258064516129
