"mean"	"sd"	"min"	"max"
"1"	0.67354186500262	0.0492516892115889	0.572202166064982	0.806609547123623
