"mean"	"sd"	"min"	"max"
"1"	0.675558509012146	0.0421885350783529	0.585492227979275	0.774193548387097
