"mean"	"sd"	"min"	"max"
"1"	0.67476413734681	0.0495290555426008	0.557761732851986	0.797235023041475
