"mean"	"sd"	"min"	"max"
"1"	0.673816253227209	0.051939863302556	0.545126353790614	0.812729498164015
