"mean"	"sd"	"min"	"max"
"1"	0.673706915485383	0.0495077225824655	0.557761732851986	0.799265605875153
