"mean"	"sd"	"min"	"max"
"1"	0.674145176247231	0.0429301980675129	0.58419689119171	0.783353733170135
