"mean"	"sd"	"min"	"max"
"1"	0.678553786132389	0.0473328373104756	0.550541516245487	0.79147465437788
