"mean"	"sd"	"min"	"max"
"1"	0.678022351948471	0.0501598801215488	0.555956678700361	0.811505507955936
