"mean"	"sd"	"min"	"max"
"1"	0.678467633844661	0.0495992171308257	0.563176895306859	0.805385556915545
