"mean"	"sd"	"min"	"max"
"1"	0.678825567386835	0.048474304078685	0.583032490974729	0.81640146878825
