"mean"	"sd"	"min"	"max"
"1"	0.678802005097982	0.0509422505626999	0.548736462093863	0.810281517747858
