"mean"	"sd"	"min"	"max"
"1"	0.668390737814238	0.0524103377842507	0.514115898959881	0.821428571428571
