"mean"	"sd"	"min"	"max"
"1"	0.661664788882992	0.0521221220473475	0.509658246656761	0.790697674418605
