"mean"	"sd"	"min"	"max"
"1"	0.654005979512167	0.0552051643974488	0.493313521545319	0.82258064516129
