"mean"	"sd"	"min"	"max"
"1"	0.673191596869963	0.0514579718700909	0.561371841155235	0.815177478580171
