"mean"	"sd"	"min"	"max"
"1"	0.676410437255794	0.0486164932814537	0.552346570397112	0.804147465437788
