"mean"	"sd"	"min"	"max"
"1"	0.678725932027591	0.0500912313924019	0.548736462093863	0.809907834101382
