"mean"	"sd"	"min"	"max"
"1"	0.655376298028799	0.0584953527746774	0.462109955423477	0.839861751152074
