"mean"	"sd"	"min"	"max"
"1"	0.673384481397806	0.0519870047374893	0.554151624548736	0.81640146878825
