"mean"	"sd"	"min"	"max"
"1"	0.679147542148595	0.0462230960079381	0.566787003610108	0.80171358629131
