"mean"	"sd"	"min"	"max"
"1"	0.680970261861396	0.0497768141116063	0.557761732851986	0.812729498164015
