"mean"	"sd"	"min"	"max"
"1"	0.677234432471506	0.0492180722200713	0.543321299638989	0.811505507955936
