"mean"	"sd"	"min"	"max"
"1"	0.678166381367674	0.0482877170392384	0.574007220216607	0.806609547123623
