"mean"	"sd"	"min"	"max"
"1"	0.666674831511736	0.0514595998060908	0.548291233283804	0.798041615667075
