"mean"	"sd"	"min"	"max"
"1"	0.672855434462288	0.0434434813238794	0.576523031203566	0.7796817625459
