"mean"	"sd"	"min"	"max"
"1"	0.662288248420743	0.0546026999421891	0.541516245487365	0.820276497695853
