"mean"	"sd"	"min"	"max"
"1"	0.679305728265253	0.0509086927779954	0.557761732851986	0.802937576499388
