"mean"	"sd"	"min"	"max"
"1"	0.667441360310802	0.0520559079535055	0.508172362555721	0.806451612903226
