"mean"	"sd"	"min"	"max"
"1"	0.67612013543842	0.0501375443793109	0.564981949458484	0.817625458996328
