"mean"	"sd"	"min"	"max"
"1"	0.677373324372381	0.0464037215775449	0.557761732851986	0.822521419828641
