"mean"	"sd"	"min"	"max"
"1"	0.659476811214903	0.0530660800058464	0.5037147102526	0.827188940092166
