"mean"	"sd"	"min"	"max"
"1"	0.668535476806537	0.0513753446019992	0.545319465081724	0.806451612903226
