"mean"	"sd"	"min"	"max"
"1"	0.658630518727884	0.0535538804034883	0.49777117384844	0.824884792626728
