"mean"	"sd"	"min"	"max"
"1"	0.678833595679296	0.0494927306705884	0.552346570397112	0.797235023041475
