"mean"	"sd"	"min"	"max"
"1"	0.67515915257622	0.0502985260413342	0.53971119133574	0.800489596083231
