"mean"	"sd"	"min"	"max"
"1"	0.678876896597192	0.0486884307480935	0.568592057761733	0.806609547123623
