"mean"	"sd"	"min"	"max"
"1"	0.678904354496237	0.0491824310247807	0.546931407942238	0.802937576499388
