"mean"	"sd"	"min"	"max"
"1"	0.678742257236013	0.0503124985379549	0.550541516245487	0.810281517747858
