"mean"	"sd"	"min"	"max"
"1"	0.684766445025266	0.0454368499596099	0.575812274368231	0.796817625458996
