"mean"	"sd"	"min"	"max"
"1"	0.679187920463605	0.0504230278330859	0.552346570397112	0.811505507955936
