"mean"	"sd"	"min"	"max"
"1"	0.680383010542662	0.0466596816122925	0.590252707581227	0.807833537331701
