"mean"	"sd"	"min"	"max"
"1"	0.674878992659833	0.0519899286858205	0.546931407942238	0.812729498164015
