"mean"	"sd"	"min"	"max"
"1"	0.682596603633985	0.0480524255567979	0.566787003610108	0.815177478580171
