"mean"	"sd"	"min"	"max"
"1"	0.678858027248551	0.050335621228662	0.545126353790614	0.805385556915545
