"mean"	"sd"	"min"	"max"
"1"	0.680227807262967	0.0465084499507699	0.588447653429603	0.811505507955936
