"mean"	"sd"	"min"	"max"
"1"	0.676287334788176	0.0520659687796507	0.555956678700361	0.817625458996328
