"mean"	"sd"	"min"	"max"
"1"	0.676902454382023	0.0501054870543907	0.552346570397112	0.807833537331701
