"mean"	"sd"	"min"	"max"
"1"	0.658916433635102	0.0528808672224504	0.509658246656761	0.827188940092166
