"mean"	"sd"	"min"	"max"
"1"	0.680420540227164	0.0463187433877776	0.574007220216607	0.802937576499388
