"mean"	"sd"	"min"	"max"
"1"	0.665057938747196	0.050288018152239	0.548291233283804	0.802937576499388
