"mean"	"sd"	"min"	"max"
"1"	0.658589923510469	0.0530006598782007	0.508172362555721	0.786866359447005
