"mean"	"sd"	"min"	"max"
"1"	0.671970369407774	0.0448695435170321	0.560178306092125	0.775345622119816
