"mean"	"sd"	"min"	"max"
"1"	0.674054682072862	0.0516040611375746	0.550541516245487	0.812729498164015
