"mean"	"sd"	"min"	"max"
"1"	0.674798488788122	0.0513458738936847	0.554151624548736	0.810281517747858
