"mean"	"sd"	"min"	"max"
"1"	0.657919043530839	0.0567128013357131	0.469539375928678	0.836405529953917
