"mean"	"sd"	"min"	"max"
"1"	0.652262132576812	0.0541559359580194	0.4962852897474	0.794930875576037
