"mean"	"sd"	"min"	"max"
"1"	0.663599363474539	0.0510811690254992	0.542347696879643	0.804161566707466
