"mean"	"sd"	"min"	"max"
"1"	0.675567466582176	0.0510928115939593	0.546931407942238	0.80905752753978
