"mean"	"sd"	"min"	"max"
"1"	0.681872450632549	0.0483308412916031	0.554151624548736	0.805385556915545
