"mean"	"sd"	"min"	"max"
"1"	0.663456332120693	0.0513301154376769	0.53971119133574	0.79436964504284
