"mean"	"sd"	"min"	"max"
"1"	0.682394830716741	0.0444155062158653	0.566787003610108	0.777649769585253
