"mean"	"sd"	"min"	"max"
"1"	0.678120866414736	0.0464780966964349	0.577617328519856	0.799265605875153
