"mean"	"sd"	"min"	"max"
"1"	0.67380352681721	0.0452346651197376	0.570579494799406	0.788249694002448
