"mean"	"sd"	"min"	"max"
"1"	0.673024940783557	0.0432974251434712	0.576523031203566	0.780905752753978
