"mean"	"sd"	"min"	"max"
"1"	0.664168069524398	0.0530946515434662	0.491827637444279	0.811059907834101
