"mean"	"sd"	"min"	"max"
"1"	0.679183319116841	0.0490142712141535	0.570397111913357	0.812729498164015
