"mean"	"sd"	"min"	"max"
"1"	0.683938995059031	0.0455928386640987	0.575812274368231	0.796817625458996
