"mean"	"sd"	"min"	"max"
"1"	0.666796511782882	0.0522481461218503	0.523031203566122	0.815668202764977
