"mean"	"sd"	"min"	"max"
"1"	0.683046881198593	0.0477026888727486	0.566787003610108	0.813953488372093
