"mean"	"sd"	"min"	"max"
"1"	0.679770151705943	0.0493346552425351	0.561371841155235	0.807833537331701
