"mean"	"sd"	"min"	"max"
"1"	0.665810818729572	0.051762343037487	0.53971119133574	0.799539170506912
