"mean"	"sd"	"min"	"max"
"1"	0.664373383550546	0.0518399376514727	0.542347696879643	0.805385556915545
