"mean"	"sd"	"min"	"max"
"1"	0.680707777294348	0.0471708402442158	0.546931407942238	0.795593635250918
