"mean"	"sd"	"min"	"max"
"1"	0.683315190907676	0.0455792802106062	0.561371841155235	0.793145654834761
