"mean"	"sd"	"min"	"max"
"1"	0.679262927795902	0.0475274588056552	0.566787003610108	0.799265605875153
