"mean"	"sd"	"min"	"max"
"1"	0.668208921131708	0.0509367258360097	0.541516245487365	0.798041615667075
