"mean"	"sd"	"min"	"max"
"1"	0.668751391452262	0.0489647221482217	0.53971119133574	0.798387096774194
