"mean"	"sd"	"min"	"max"
"1"	0.681384838744648	0.0459538092357438	0.581227436823105	0.815177478580171
