"mean"	"sd"	"min"	"max"
"1"	0.682643942953146	0.047861061522668	0.572202166064982	0.815177478580171
