"mean"	"sd"	"min"	"max"
"1"	0.671667505050954	0.0505281953593252	0.552346570397112	0.807833537331701
