"mean"	"sd"	"min"	"max"
"1"	0.679698132163356	0.0470569669596991	0.568592057761733	0.796817625458996
