"mean"	"sd"	"min"	"max"
"1"	0.672780027354328	0.0499228312077185	0.566787003610108	0.810281517747858
