"mean"	"sd"	"min"	"max"
"1"	0.668081830010445	0.0498668620310062	0.545319465081724	0.790697674418605
