"mean"	"sd"	"min"	"max"
"1"	0.658280383335351	0.0525955254582065	0.50222882615156	0.800691244239631
