"mean"	"sd"	"min"	"max"
"1"	0.663085325339306	0.052941637445566	0.512630014858841	0.797235023041475
