"mean"	"sd"	"min"	"max"
"1"	0.670700501947835	0.0542124260846172	0.564981949458484	0.806451612903226
