"mean"	"sd"	"min"	"max"
"1"	0.681053660656911	0.0495261232565739	0.534296028880866	0.798041615667075
