"mean"	"sd"	"min"	"max"
"1"	0.683699380223173	0.0447149652281151	0.564981949458484	0.788249694002448
