"mean"	"sd"	"min"	"max"
"1"	0.659142767216049	0.0546273601118822	0.487369985141159	0.842165898617512
