"mean"	"sd"	"min"	"max"
"1"	0.652474295852976	0.0550121457475412	0.4962852897474	0.794930875576037
