"mean"	"sd"	"min"	"max"
"1"	0.669321212585931	0.042680456960007	0.566121842496285	0.761520737327189
