"mean"	"sd"	"min"	"max"
"1"	0.656772027320012	0.0588951344538032	0.463595839524517	0.853686635944701
