"mean"	"sd"	"min"	"max"
"1"	0.662657468327651	0.0513597524162463	0.543321299638989	0.791921664626683
