"mean"	"sd"	"min"	"max"
"1"	0.675544477049701	0.0507528648745302	0.537906137184116	0.807833537331701
