"mean"	"sd"	"min"	"max"
"1"	0.679569647920814	0.0500931179687964	0.55956678700361	0.808755760368664
