"mean"	"sd"	"min"	"max"
"1"	0.679458653221455	0.0486925786205783	0.564981949458484	0.813953488372093
