"mean"	"sd"	"min"	"max"
"1"	0.662496565714141	0.0512323921318801	0.554151624548736	0.800489596083231
