"mean"	"sd"	"min"	"max"
"1"	0.681694790575451	0.0466889011106403	0.572202166064982	0.79436964504284
