"mean"	"sd"	"min"	"max"
"1"	0.677004235573756	0.0502139951086251	0.55956678700361	0.815177478580171
