"mean"	"sd"	"min"	"max"
"1"	0.66811716076113	0.0497626869325586	0.543833580980683	0.800691244239631
