"mean"	"sd"	"min"	"max"
"1"	0.67946857710545	0.0466164075343668	0.570397111913357	0.798041615667075
