"mean"	"sd"	"min"	"max"
"1"	0.685544789776488	0.0440920186648206	0.583032490974729	0.800489596083231
