"mean"	"sd"	"min"	"max"
"1"	0.670462925717944	0.051149191649351	0.541516245487365	0.805299539170507
