"mean"	"sd"	"min"	"max"
"1"	0.686087466845343	0.0452286572493252	0.570397111913357	0.802937576499388
