"mean"	"sd"	"min"	"max"
"1"	0.680775029388949	0.0472230954128144	0.564981949458484	0.80171358629131
