"mean"	"sd"	"min"	"max"
"1"	0.679528155717218	0.0478365943524241	0.564981949458484	0.807833537331701
