"mean"	"sd"	"min"	"max"
"1"	0.669724092901516	0.051904017138512	0.543321299638989	0.810281517747858
