"mean"	"sd"	"min"	"max"
"1"	0.677450127168175	0.0513082751384546	0.552346570397112	0.810281517747858
