"mean"	"sd"	"min"	"max"
"1"	0.678799515747536	0.0478945802828564	0.55956678700361	0.811505507955936
