"mean"	"sd"	"min"	"max"
"1"	0.67891207897882	0.0490332331097487	0.555956678700361	0.802937576499388
