"mean"	"sd"	"min"	"max"
"1"	0.678331316027205	0.0516334627183904	0.550541516245487	0.813953488372093
