"mean"	"sd"	"min"	"max"
"1"	0.672363479247838	0.0523583288277568	0.552346570397112	0.813953488372093
