"mean"	"sd"	"min"	"max"
"1"	0.681464276017837	0.0491574052981183	0.564981949458484	0.80905752753978
