"mean"	"sd"	"min"	"max"
"1"	0.675173159429017	0.0514888705256456	0.555956678700361	0.80905752753978
