"mean"	"sd"	"min"	"max"
"1"	0.665641110140232	0.0510043615407799	0.548291233283804	0.807833537331701
