"mean"	"sd"	"min"	"max"
"1"	0.67937443027507	0.0490427996453023	0.55956678700361	0.807603686635945
