"mean"	"sd"	"min"	"max"
"1"	0.681182877113288	0.0479766698615735	0.572202166064982	0.810281517747858
