"mean"	"sd"	"min"	"max"
"1"	0.666469336543028	0.0531845025723557	0.511144130757801	0.807603686635945
