"mean"	"sd"	"min"	"max"
"1"	0.664511500379306	0.0521211088440562	0.548736462093863	0.795593635250918
