"mean"	"sd"	"min"	"max"
"1"	0.66725809524503	0.0503297107177474	0.53971119133574	0.79147465437788
