"mean"	"sd"	"min"	"max"
"1"	0.668099653378586	0.0502046460472657	0.546805349182764	0.804161566707466
