"mean"	"sd"	"min"	"max"
"1"	0.669486505298825	0.0491260034931427	0.546805349182764	0.792626728110599
