"mean"	"sd"	"min"	"max"
"1"	0.679388266934563	0.0508733308906366	0.53971119133574	0.809907834101382
