"mean"	"sd"	"min"	"max"
"1"	0.670974684052911	0.0513412106482779	0.550541516245487	0.80905752753978
