"mean"	"sd"	"min"	"max"
"1"	0.68207798347472	0.0482256475401007	0.561371841155235	0.817625458996328
