"mean"	"sd"	"min"	"max"
"1"	0.676748030734421	0.0497026318385819	0.564981949458484	0.811505507955936
