"mean"	"sd"	"min"	"max"
"1"	0.676798382389654	0.0490266562234347	0.545126353790614	0.798041615667075
