"mean"	"sd"	"min"	"max"
"1"	0.679528069554618	0.0486704804297715	0.566787003610108	0.810281517747858
