"mean"	"sd"	"min"	"max"
"1"	0.641635483200261	0.0527702729327766	0.49479940564636	0.80184331797235
