"mean"	"sd"	"min"	"max"
"1"	0.676872335440152	0.0488676045304805	0.555956678700361	0.802995391705069
