"mean"	"sd"	"min"	"max"
"1"	0.679976969168893	0.0472642662897234	0.557761732851986	0.799265605875153
