"mean"	"sd"	"min"	"max"
"1"	0.675339495492893	0.0471934543027853	0.561371841155235	0.791921664626683
