"mean"	"sd"	"min"	"max"
"1"	0.656660428042948	0.0567184161070212	0.472511144130758	0.836405529953917
