"mean"	"sd"	"min"	"max"
"1"	0.666134901369255	0.051376198179206	0.543321299638989	0.791921664626683
