"mean"	"sd"	"min"	"max"
"1"	0.673779288237291	0.051035591922051	0.548736462093863	0.794930875576037
