"mean"	"sd"	"min"	"max"
"1"	0.681387602498307	0.04399899321718	0.557761732851986	0.78110599078341
