"mean"	"sd"	"min"	"max"
"1"	0.670866902011641	0.0488151723054353	0.548291233283804	0.799265605875153
