"mean"	"sd"	"min"	"max"
"1"	0.672850569999642	0.0526197110958775	0.545126353790614	0.812729498164015
