"mean"	"sd"	"min"	"max"
"1"	0.663236079500016	0.0448173243069367	0.549777117384844	0.769585253456221
