"mean"	"sd"	"min"	"max"
"1"	0.658162016762526	0.0530358393332208	0.493313521545319	0.817972350230415
