"mean"	"sd"	"min"	"max"
"1"	0.681196734118171	0.0463530241403985	0.581227436823105	0.807833537331701
