"mean"	"sd"	"min"	"max"
"1"	0.681412362617602	0.0471711621172015	0.564981949458484	0.80171358629131
