"mean"	"sd"	"min"	"max"
"1"	0.667747868285886	0.0521164582857909	0.515601783060921	0.806451612903226
