"mean"	"sd"	"min"	"max"
"1"	0.67827912450098	0.0490797327969846	0.53971119133574	0.795593635250918
