"mean"	"sd"	"min"	"max"
"1"	0.666582916209533	0.0501954902190935	0.546805349182764	0.793145654834761
