"mean"	"sd"	"min"	"max"
"1"	0.682575125720902	0.0448549018357413	0.566787003610108	0.78702570379437
