"mean"	"sd"	"min"	"max"
"1"	0.67634353696574	0.0491500795855963	0.534296028880866	0.798041615667075
