"mean"	"sd"	"min"	"max"
"1"	0.674181238751754	0.0425197417706764	0.585492227979275	0.780905752753978
