"mean"	"sd"	"min"	"max"
"1"	0.675086678738148	0.0520143546713281	0.545126353790614	0.804147465437788
