"mean"	"sd"	"min"	"max"
"1"	0.666097837599891	0.0518961601091575	0.515601783060921	0.80184331797235
