"mean"	"sd"	"min"	"max"
"1"	0.672844274687078	0.0493230986811836	0.572202166064982	0.811505507955936
