"mean"	"sd"	"min"	"max"
"1"	0.673453890523461	0.0502641429652259	0.57942238267148	0.80905752753978
