"mean"	"sd"	"min"	"max"
"1"	0.679164819334983	0.0521121273544096	0.557761732851986	0.817625458996328
