"mean"	"sd"	"min"	"max"
"1"	0.660218106188118	0.0534174284475911	0.49777117384844	0.826036866359447
