"mean"	"sd"	"min"	"max"
"1"	0.663574643308058	0.0502308582078542	0.546805349182764	0.802937576499388
