"mean"	"sd"	"min"	"max"
"1"	0.685699978103146	0.045667601127544	0.584837545126354	0.805385556915545
