"mean"	"sd"	"min"	"max"
"1"	0.673113582270394	0.0531900984584112	0.545126353790614	0.80171358629131
