"mean"	"sd"	"min"	"max"
"1"	0.669192905237215	0.0509413283505758	0.537890044576523	0.799265605875153
