"mean"	"sd"	"min"	"max"
"1"	0.679470292834469	0.0467532430331013	0.57942238267148	0.806609547123623
