"mean"	"sd"	"min"	"max"
"1"	0.687083381874055	0.0457450632501628	0.570397111913357	0.804161566707466
