"mean"	"sd"	"min"	"max"
"1"	0.676429207233401	0.0418447780821775	0.588082901554404	0.776009791921665
