"mean"	"sd"	"min"	"max"
"1"	0.677595611425163	0.0485221252178454	0.550541516245487	0.80171358629131
