"mean"	"sd"	"min"	"max"
"1"	0.663900157849125	0.051513396193886	0.543321299638989	0.793145654834761
