"mean"	"sd"	"min"	"max"
"1"	0.659921527754694	0.0527854310276415	0.50074294205052	0.823732718894009
