"mean"	"sd"	"min"	"max"
"1"	0.679715142991463	0.0478744436419177	0.572202166064982	0.806609547123623
