"mean"	"sd"	"min"	"max"
"1"	0.683696909019351	0.0480081113549109	0.57942238267148	0.81640146878825
