"mean"	"sd"	"min"	"max"
"1"	0.675123445642192	0.0433814581881007	0.586503067484663	0.783353733170135
