"mean"	"sd"	"min"	"max"
"1"	0.678988167055694	0.048522553468857	0.557761732851986	0.805385556915545
