"mean"	"sd"	"min"	"max"
"1"	0.677182004234722	0.0509442029679197	0.550541516245487	0.80905752753978
