"mean"	"sd"	"min"	"max"
"1"	0.678409533730085	0.0496670223147365	0.57942238267148	0.818849449204406
