"mean"	"sd"	"min"	"max"
"1"	0.685975856703192	0.0442457742358676	0.583032490974729	0.796817625458996
