"mean"	"sd"	"min"	"max"
"1"	0.674444618180931	0.0504651870740579	0.561371841155235	0.812729498164015
