"mean"	"sd"	"min"	"max"
"1"	0.676580532368944	0.0504497734830652	0.53971119133574	0.813953488372093
