"mean"	"sd"	"min"	"max"
"1"	0.682384856092497	0.0476490855482956	0.555956678700361	0.811505507955936
