"mean"	"sd"	"min"	"max"
"1"	0.658405916682402	0.0532367243481129	0.49777117384844	0.820276497695853
