"mean"	"sd"	"min"	"max"
"1"	0.677405378183453	0.0487398667273417	0.554151624548736	0.804161566707466
