"mean"	"sd"	"min"	"max"
"1"	0.66878463248758	0.0520449209600618	0.506686478454681	0.819124423963134
