"mean"	"sd"	"min"	"max"
"1"	0.66031388666843	0.0526227663645904	0.5037147102526	0.826036866359447
