"mean"	"sd"	"min"	"max"
"1"	0.663166414764499	0.0522890812893656	0.528880866425993	0.806451612903226
