"mean"	"sd"	"min"	"max"
"1"	0.677427459475162	0.0510567451077527	0.546931407942238	0.811505507955936
