"mean"	"sd"	"min"	"max"
"1"	0.677374198778701	0.0511054467250949	0.552346570397112	0.809907834101382
