"mean"	"sd"	"min"	"max"
"1"	0.67747405238127	0.045490411933999	0.55956678700361	0.785801713586291
