"mean"	"sd"	"min"	"max"
"1"	0.680494516125023	0.0476318794240436	0.550541516245487	0.806609547123623
