"mean"	"sd"	"min"	"max"
"1"	0.657188474014131	0.0524009652101993	0.512630014858841	0.835253456221198
