"mean"	"sd"	"min"	"max"
"1"	0.656092015458761	0.0471457955291178	0.557761732851986	0.793145654834761
