"mean"	"sd"	"min"	"max"
"1"	0.673385423170552	0.0431355286107271	0.576523031203566	0.780905752753978
