"mean"	"sd"	"min"	"max"
"1"	0.678354111687171	0.0488573041491778	0.545126353790614	0.795593635250918
