"mean"	"sd"	"min"	"max"
"1"	0.678090667524813	0.0516451719889951	0.546931407942238	0.820073439412485
