"mean"	"sd"	"min"	"max"
"1"	0.667149655946489	0.0506192566054135	0.534296028880866	0.79147465437788
