"mean"	"sd"	"min"	"max"
"1"	0.685736475460489	0.0458107347311655	0.574007220216607	0.798041615667075
