"mean"	"sd"	"min"	"max"
"1"	0.675994541367221	0.0418824199496739	0.585492227979275	0.773561811505508
