"mean"	"sd"	"min"	"max"
"1"	0.678864601769437	0.0491127851685393	0.566787003610108	0.807833537331701
