"mean"	"sd"	"min"	"max"
"1"	0.663523715401765	0.0509754115710715	0.545319465081724	0.80171358629131
