"mean"	"sd"	"min"	"max"
"1"	0.662894110634349	0.0517669477872469	0.541516245487365	0.793145654834761
