"mean"	"sd"	"min"	"max"
"1"	0.666888555068887	0.0506307429554274	0.524517087667162	0.796082949308756
