"mean"	"sd"	"min"	"max"
"1"	0.681349952280361	0.0473292163149881	0.552346570397112	0.798041615667075
