"mean"	"sd"	"min"	"max"
"1"	0.680938562217297	0.0489071617695974	0.545126353790614	0.805385556915545
