"mean"	"sd"	"min"	"max"
"1"	0.681541993281041	0.0498655989434865	0.550541516245487	0.820073439412485
