"mean"	"sd"	"min"	"max"
"1"	0.685902012587453	0.0466833221217123	0.572202166064982	0.80171358629131
