"mean"	"sd"	"min"	"max"
"1"	0.671617507977407	0.0516332225543326	0.554151624548736	0.811505507955936
