"mean"	"sd"	"min"	"max"
"1"	0.659746599999545	0.0523375301116785	0.509658246656761	0.784577723378213
