"mean"	"sd"	"min"	"max"
"1"	0.678460265205464	0.0489175797127946	0.555956678700361	0.812729498164015
