"mean"	"sd"	"min"	"max"
"1"	0.657276684259646	0.0526984151170064	0.506686478454681	0.817972350230415
