"mean"	"sd"	"min"	"max"
"1"	0.679325953912009	0.0488952794592597	0.564981949458484	0.811505507955936
