"mean"	"sd"	"min"	"max"
"1"	0.678987458506196	0.048724775672292	0.577617328519856	0.818849449204406
