"mean"	"sd"	"min"	"max"
"1"	0.679507560974087	0.0480857214057883	0.570397111913357	0.810281517747858
