"mean"	"sd"	"min"	"max"
"1"	0.669712085317531	0.0506384726718145	0.548736462093863	0.806451612903226
