"mean"	"sd"	"min"	"max"
"1"	0.685918500851376	0.0457473214177486	0.575812274368231	0.798041615667075
