"mean"	"sd"	"min"	"max"
"1"	0.679314769228849	0.0490684386042227	0.574007220216607	0.813953488372093
