"mean"	"sd"	"min"	"max"
"1"	0.662835458748114	0.0525751620281255	0.527075812274368	0.788018433179724
