"mean"	"sd"	"min"	"max"
"1"	0.677149046317877	0.042730583282933	0.561371841155235	0.771113831089351
