"mean"	"sd"	"min"	"max"
"1"	0.657639614122443	0.0533707933866137	0.49479940564636	0.823732718894009
