"mean"	"sd"	"min"	"max"
"1"	0.654169009973336	0.0576425812399701	0.460624071322437	0.838709677419355
