"mean"	"sd"	"min"	"max"
"1"	0.678266780542464	0.0465542666135145	0.554151624548736	0.793145654834761
