"mean"	"sd"	"min"	"max"
"1"	0.683614126230761	0.0449946169277021	0.583032490974729	0.80171358629131
