"mean"	"sd"	"min"	"max"
"1"	0.659084940933997	0.0525584375925748	0.50222882615156	0.819124423963134
