"mean"	"sd"	"min"	"max"
"1"	0.673844466615563	0.0525071712388189	0.541516245487365	0.807833537331701
