"mean"	"sd"	"min"	"max"
"1"	0.670512282487583	0.0501240314191865	0.53971119133574	0.807603686635945
