"mean"	"sd"	"min"	"max"
"1"	0.679159462829768	0.0492551623087901	0.528880866425993	0.794930875576037
