"mean"	"sd"	"min"	"max"
"1"	0.661410686355191	0.0470742459973861	0.542347696879643	0.78110599078341
