"mean"	"sd"	"min"	"max"
"1"	0.681764256997787	0.0469745342236575	0.586642599277978	0.812729498164015
