"mean"	"sd"	"min"	"max"
"1"	0.679097748993296	0.0510341000832006	0.548736462093863	0.815177478580171
