"mean"	"sd"	"min"	"max"
"1"	0.681327712137725	0.0463378533294808	0.574007220216607	0.804161566707466
