"mean"	"sd"	"min"	"max"
"1"	0.655103787499028	0.0531114724267717	0.512630014858841	0.816820276497696
