"mean"	"sd"	"min"	"max"
"1"	0.669758911791103	0.0506929260973588	0.537906137184116	0.797235023041475
