"mean"	"sd"	"min"	"max"
"1"	0.6761492980155	0.0489084392483965	0.566787003610108	0.811505507955936
