"mean"	"sd"	"min"	"max"
"1"	0.665194471890121	0.0505442445068353	0.537890044576523	0.796817625458996
