"mean"	"sd"	"min"	"max"
"1"	0.680310817947116	0.0478439967723687	0.563176895306859	0.806609547123623
