"mean"	"sd"	"min"	"max"
"1"	0.679379424734756	0.0482633609848733	0.568592057761733	0.806609547123623
