"mean"	"sd"	"min"	"max"
"1"	0.66435405745211	0.0510897503095555	0.528880866425993	0.80184331797235
