"mean"	"sd"	"min"	"max"
"1"	0.673024197764632	0.0431803993420411	0.576523031203566	0.780905752753978
