"mean"	"sd"	"min"	"max"
"1"	0.679081526123809	0.0472280420610925	0.566787003610108	0.793145654834761
