"mean"	"sd"	"min"	"max"
"1"	0.662555117770174	0.0479051274686621	0.542347696879643	0.779953917050691
