"mean"	"sd"	"min"	"max"
"1"	0.651600257891136	0.0531726025764838	0.50520059435364	0.793778801843318
