"mean"	"sd"	"min"	"max"
"1"	0.676424056758187	0.0418628652610587	0.588082901554404	0.776009791921665
