"mean"	"sd"	"min"	"max"
"1"	0.680024212314023	0.0481145805639779	0.561371841155235	0.800489596083231
