"mean"	"sd"	"min"	"max"
"1"	0.680759604302732	0.0489795827584058	0.564981949458484	0.811505507955936
