"mean"	"sd"	"min"	"max"
"1"	0.680002730803366	0.0487913616311194	0.546931407942238	0.802937576499388
