"mean"	"sd"	"min"	"max"
"1"	0.663722866124865	0.053644313217024	0.484398216939079	0.808755760368664
