"mean"	"sd"	"min"	"max"
"1"	0.681350077530252	0.0482252055474173	0.550541516245487	0.804161566707466
