"mean"	"sd"	"min"	"max"
"1"	0.66386907743445	0.0521228894485161	0.541516245487365	0.799265605875153
