"mean"	"sd"	"min"	"max"
"1"	0.685751760431173	0.0450059858532941	0.575812274368231	0.796817625458996
