"mean"	"sd"	"min"	"max"
"1"	0.68592743457974	0.0460769875300019	0.574007220216607	0.805385556915545
