"mean"	"sd"	"min"	"max"
"1"	0.675058300859985	0.0489201003414553	0.541516245487365	0.796817625458996
