"mean"	"sd"	"min"	"max"
"1"	0.658815784596195	0.0530345860270238	0.506317689530686	0.77233782129743
