"mean"	"sd"	"min"	"max"
"1"	0.657548019635691	0.0521946124051139	0.508172362555721	0.826036866359447
