"mean"	"sd"	"min"	"max"
"1"	0.679661886667467	0.0470193638084685	0.581227436823105	0.80905752753978
