"mean"	"sd"	"min"	"max"
"1"	0.678482884386174	0.0492824425568433	0.570397111913357	0.821297429620563
