"mean"	"sd"	"min"	"max"
"1"	0.638171030604947	0.0549669268900171	0.4962852897474	0.793778801843318
