"mean"	"sd"	"min"	"max"
"1"	0.663780593690466	0.0510096574843066	0.536101083032491	0.796817625458996
