"mean"	"sd"	"min"	"max"
"1"	0.676834568740555	0.0484625900452128	0.561371841155235	0.798387096774194
