"mean"	"sd"	"min"	"max"
"1"	0.666127028074012	0.0505072904773523	0.555956678700361	0.79436964504284
