"mean"	"sd"	"min"	"max"
"1"	0.676396264657978	0.0492581064159736	0.548736462093863	0.807833537331701
