"mean"	"sd"	"min"	"max"
"1"	0.678493506460569	0.0502501276727884	0.552346570397112	0.806609547123623
