"mean"	"sd"	"min"	"max"
"1"	0.675690695390545	0.0511228710020664	0.541516245487365	0.810281517747858
