"mean"	"sd"	"min"	"max"
"1"	0.683256525183397	0.0477579524545671	0.575812274368231	0.818849449204406
