"mean"	"sd"	"min"	"max"
"1"	0.674915783343372	0.0484136243584999	0.557761732851986	0.807833537331701
