"mean"	"sd"	"min"	"max"
"1"	0.675079540096546	0.0521768734144167	0.554151624548736	0.81640146878825
