"mean"	"sd"	"min"	"max"
"1"	0.680339108109062	0.0446218692412252	0.561371841155235	0.778457772337821
