"mean"	"sd"	"min"	"max"
"1"	0.665217266153403	0.052842906462617	0.508172362555721	0.800691244239631
