"mean"	"sd"	"min"	"max"
"1"	0.676811818361053	0.0495657551892004	0.557761732851986	0.815177478580171
