"mean"	"sd"	"min"	"max"
"1"	0.657629594036115	0.0583497609460054	0.466567607726597	0.850230414746544
