"mean"	"sd"	"min"	"max"
"1"	0.680632187141721	0.0465997002745045	0.572202166064982	0.806609547123623
