"mean"	"sd"	"min"	"max"
"1"	0.679098950698943	0.047739161040204	0.552346570397112	0.807833537331701
