"mean"	"sd"	"min"	"max"
"1"	0.676617790879248	0.0489793857001009	0.554151624548736	0.799265605875153
