"mean"	"sd"	"min"	"max"
"1"	0.662265690653108	0.0501073867550184	0.557761732851986	0.793145654834761
