"mean"	"sd"	"min"	"max"
"1"	0.67861576207516	0.0498648532922745	0.548736462093863	0.806609547123623
