"mean"	"sd"	"min"	"max"
"1"	0.679395407211237	0.0469517511635855	0.574007220216607	0.806609547123623
