"mean"	"sd"	"min"	"max"
"1"	0.672766213129728	0.0508311224125043	0.548736462093863	0.800691244239631
