"mean"	"sd"	"min"	"max"
"1"	0.683176135504853	0.048632644764512	0.574007220216607	0.812729498164015
