"mean"	"sd"	"min"	"max"
"1"	0.660710945886086	0.0522076016229287	0.536404160475483	0.805385556915545
