"mean"	"sd"	"min"	"max"
"1"	0.669646086338238	0.0523454165489721	0.557761732851986	0.815177478580171
