"mean"	"sd"	"min"	"max"
"1"	0.679399295319441	0.0498400941034586	0.561371841155235	0.804161566707466
