"mean"	"sd"	"min"	"max"
"1"	0.680167538400126	0.0473857496019121	0.563176895306859	0.800489596083231
