"mean"	"sd"	"min"	"max"
"1"	0.679137779393333	0.0485090258084829	0.555956678700361	0.806609547123623
