"mean"	"sd"	"min"	"max"
"1"	0.663537856519276	0.0506205264236304	0.546805349182764	0.804161566707466
