"mean"	"sd"	"min"	"max"
"1"	0.669957400727006	0.0454479026106016	0.560178306092125	0.774193548387097
