"mean"	"sd"	"min"	"max"
"1"	0.659593638286023	0.0538257899499782	0.487369985141159	0.820276497695853
