"mean"	"sd"	"min"	"max"
"1"	0.684678453691315	0.0447333746003347	0.586642599277978	0.80171358629131
