"mean"	"sd"	"min"	"max"
"1"	0.68598060632985	0.04501818057178	0.586642599277978	0.802937576499388
