"mean"	"sd"	"min"	"max"
"1"	0.679237390645135	0.0459914771185412	0.554151624548736	0.793145654834761
