"mean"	"sd"	"min"	"max"
"1"	0.68102777498324	0.0482414821927821	0.545126353790614	0.802937576499388
