"mean"	"sd"	"min"	"max"
"1"	0.659631754426535	0.0542968555301651	0.509658246656761	0.78702570379437
