"mean"	"sd"	"min"	"max"
"1"	0.681613297365769	0.0479197342876708	0.566787003610108	0.811505507955936
