"mean"	"sd"	"min"	"max"
"1"	0.663316357163859	0.0521673423767925	0.554151624548736	0.80171358629131
