"mean"	"sd"	"min"	"max"
"1"	0.681927914837416	0.0479737622901685	0.55956678700361	0.810281517747858
