"mean"	"sd"	"min"	"max"
"1"	0.678367469330406	0.0503852905053331	0.554151624548736	0.807833537331701
