"mean"	"sd"	"min"	"max"
"1"	0.679179112780497	0.0494129730437499	0.561371841155235	0.812729498164015
