"mean"	"sd"	"min"	"max"
"1"	0.682260013575401	0.0490982752311716	0.566787003610108	0.817625458996328
