"mean"	"sd"	"min"	"max"
"1"	0.679742855478217	0.0464190699377422	0.570397111913357	0.790697674418605
