"mean"	"sd"	"min"	"max"
"1"	0.685809552255353	0.0453310294272127	0.584837545126354	0.800489596083231
