"mean"	"sd"	"min"	"max"
"1"	0.67930337973663	0.046392418997353	0.564981949458484	0.811505507955936
