"mean"	"sd"	"min"	"max"
"1"	0.667878133929713	0.0494433886388705	0.545319465081724	0.798041615667075
