"mean"	"sd"	"min"	"max"
"1"	0.664231106092341	0.0453135454379144	0.551263001485884	0.773041474654378
