"mean"	"sd"	"min"	"max"
"1"	0.675006003249165	0.0489324740124814	0.55956678700361	0.800691244239631
