"mean"	"sd"	"min"	"max"
"1"	0.662894400686745	0.0512264923118515	0.537906137184116	0.785801713586291
