"mean"	"sd"	"min"	"max"
"1"	0.671978763684161	0.0510571338037596	0.554151624548736	0.810281517747858
