"mean"	"sd"	"min"	"max"
"1"	0.661631057949141	0.0521795420949315	0.508172362555721	0.784577723378213
