"mean"	"sd"	"min"	"max"
"1"	0.680802561390233	0.043801818427722	0.563176895306859	0.775345622119816
