"mean"	"sd"	"min"	"max"
"1"	0.651299817605938	0.0530177529992177	0.50520059435364	0.793778801843318
