"mean"	"sd"	"min"	"max"
"1"	0.675991887898135	0.0507421572809241	0.566787003610108	0.812729498164015
