"mean"	"sd"	"min"	"max"
"1"	0.678719988115772	0.0488594544494148	0.575812274368231	0.811505507955936
