"mean"	"sd"	"min"	"max"
"1"	0.654844358480162	0.0551565755295766	0.512635379061372	0.768433179723502
