"mean"	"sd"	"min"	"max"
"1"	0.669708314009149	0.0495691445163763	0.551263001485884	0.80171358629131
