"mean"	"sd"	"min"	"max"
"1"	0.68366108424414	0.0465903163882961	0.566787003610108	0.807833537331701
