"mean"	"sd"	"min"	"max"
"1"	0.674277362171444	0.0437716375076075	0.575037147102526	0.78702570379437
