"mean"	"sd"	"min"	"max"
"1"	0.673809104239973	0.0503402321728833	0.563176895306859	0.811505507955936
