"mean"	"sd"	"min"	"max"
"1"	0.683047224061036	0.0484305128062454	0.568592057761733	0.812729498164015
