"mean"	"sd"	"min"	"max"
"1"	0.683724285746157	0.0442754459181554	0.568592057761733	0.795593635250918
