"mean"	"sd"	"min"	"max"
"1"	0.679775352159242	0.0497959011887817	0.543321299638989	0.800489596083231
