"mean"	"sd"	"min"	"max"
"1"	0.659910728907225	0.0532505895514987	0.50222882615156	0.823732718894009
