"mean"	"sd"	"min"	"max"
"1"	0.67614942234344	0.0516127820876403	0.541516245487365	0.807603686635945
