"mean"	"sd"	"min"	"max"
"1"	0.660592720269028	0.0537232615200462	0.50520059435364	0.82258064516129
