"mean"	"sd"	"min"	"max"
"1"	0.662196342383938	0.0521640112653958	0.548736462093863	0.800489596083231
