"mean"	"sd"	"min"	"max"
"1"	0.673781467113969	0.0521013789236863	0.555956678700361	0.80905752753978
