"mean"	"sd"	"min"	"max"
"1"	0.656690165476358	0.0531257324536164	0.485884101040119	0.800771208226221
