"mean"	"sd"	"min"	"max"
"1"	0.663300492178564	0.0516500275281454	0.518573551263002	0.788018433179724
