"mean"	"sd"	"min"	"max"
"1"	0.672764045530033	0.0525164553528697	0.548736462093863	0.805385556915545
