"mean"	"sd"	"min"	"max"
"1"	0.6666571995762	0.0511105907393478	0.53971119133574	0.792626728110599
