"mean"	"sd"	"min"	"max"
"1"	0.685146792500028	0.0458005193874353	0.570397111913357	0.804161566707466
