"mean"	"sd"	"min"	"max"
"1"	0.680211470116002	0.0479476639092264	0.546931407942238	0.795593635250918
