"mean"	"sd"	"min"	"max"
"1"	0.66963730573527	0.049381501189059	0.543321299638989	0.796082949308756
