"mean"	"sd"	"min"	"max"
"1"	0.679560178694274	0.0432776003564905	0.569093610698366	0.791921664626683
