"mean"	"sd"	"min"	"max"
"1"	0.677855612786802	0.0460462105972048	0.548736462093863	0.78702570379437
