"mean"	"sd"	"min"	"max"
"1"	0.677608767427669	0.0506854930840659	0.554151624548736	0.817625458996328
