"mean"	"sd"	"min"	"max"
"1"	0.681787890821689	0.0475359799447421	0.563176895306859	0.813953488372093
