"mean"	"sd"	"min"	"max"
"1"	0.672275836517172	0.0497083589485649	0.545126353790614	0.797235023041475
