"mean"	"sd"	"min"	"max"
"1"	0.681974053183666	0.0456728512684859	0.55956678700361	0.793145654834761
