"mean"	"sd"	"min"	"max"
"1"	0.677650789964405	0.0482437371699278	0.574007220216607	0.811505507955936
