"mean"	"sd"	"min"	"max"
"1"	0.6730906065652	0.0515205730947596	0.554151624548736	0.811505507955936
