"mean"	"sd"	"min"	"max"
"1"	0.677435948962714	0.0498648874734892	0.561371841155235	0.80905752753978
