"mean"	"sd"	"min"	"max"
"1"	0.679755687641721	0.0499238908606043	0.550541516245487	0.807833537331701
