"mean"	"sd"	"min"	"max"
"1"	0.674800300871689	0.0504060229246774	0.561371841155235	0.812729498164015
