"mean"	"sd"	"min"	"max"
"1"	0.683771540421499	0.0462887061697506	0.557761732851986	0.798041615667075
