"mean"	"sd"	"min"	"max"
"1"	0.676467689454319	0.0498539958291473	0.561371841155235	0.815177478580171
