"mean"	"sd"	"min"	"max"
"1"	0.677152064444247	0.0499053342309796	0.550541516245487	0.807603686635945
