"mean"	"sd"	"min"	"max"
"1"	0.665714800281635	0.0504546289129098	0.549777117384844	0.80905752753978
