"mean"	"sd"	"min"	"max"
"1"	0.68425569236561	0.0453550754908237	0.572202166064982	0.798041615667075
