"mean"	"sd"	"min"	"max"
"1"	0.678237776479702	0.050357673482722	0.564981949458484	0.817625458996328
