"mean"	"sd"	"min"	"max"
"1"	0.678274928587469	0.0486595519175197	0.564981949458484	0.812729498164015
