"mean"	"sd"	"min"	"max"
"1"	0.665470144632289	0.0519725647172659	0.514115898959881	0.797235023041475
