"mean"	"sd"	"min"	"max"
"1"	0.673311215679416	0.0433272118719957	0.573551263001486	0.773561811505508
