"mean"	"sd"	"min"	"max"
"1"	0.678142572954336	0.0525766777229442	0.543321299638989	0.818849449204406
