"mean"	"sd"	"min"	"max"
"1"	0.663834777194604	0.052260102179611	0.523031203566122	0.800691244239631
