"mean"	"sd"	"min"	"max"
"1"	0.685814597066003	0.0466256291907273	0.555956678700361	0.80905752753978
