"mean"	"sd"	"min"	"max"
"1"	0.660299441846689	0.0525058272068471	0.506686478454681	0.783353733170135
