"mean"	"sd"	"min"	"max"
"1"	0.663628954967128	0.0515512853367535	0.536101083032491	0.798041615667075
