"mean"	"sd"	"min"	"max"
"1"	0.655910531058934	0.0528043969587989	0.509658246656761	0.81221198156682
