"mean"	"sd"	"min"	"max"
"1"	0.679661311392747	0.0494037902753029	0.554151624548736	0.804161566707466
