"mean"	"sd"	"min"	"max"
"1"	0.680855414335315	0.0457396930636663	0.570397111913357	0.792626728110599
