"mean"	"sd"	"min"	"max"
"1"	0.673602360746963	0.0483424145295221	0.561371841155235	0.799539170506912
