"mean"	"sd"	"min"	"max"
"1"	0.681090871470882	0.0470603529850994	0.577617328519856	0.80905752753978
