"mean"	"sd"	"min"	"max"
"1"	0.661710500944098	0.0515705816731275	0.545126353790614	0.79436964504284
