"mean"	"sd"	"min"	"max"
"1"	0.68474379726336	0.0472585066357776	0.566787003610108	0.804161566707466
