"mean"	"sd"	"min"	"max"
"1"	0.666328190185144	0.0499076233118844	0.549777117384844	0.798041615667075
