"mean"	"sd"	"min"	"max"
"1"	0.675731949555265	0.0485332500513219	0.561371841155235	0.806451612903226
