"mean"	"sd"	"min"	"max"
"1"	0.664587319505345	0.049030050491801	0.542347696879643	0.799265605875153
