"mean"	"sd"	"min"	"max"
"1"	0.680013119902891	0.0480265653202552	0.557761732851986	0.811505507955936
