"mean"	"sd"	"min"	"max"
"1"	0.673297849917056	0.0505609134789939	0.552346570397112	0.806609547123623
