"mean"	"sd"	"min"	"max"
"1"	0.679589001030472	0.0475493378642859	0.557761732851986	0.791921664626683
