"mean"	"sd"	"min"	"max"
"1"	0.666591102869819	0.0525341673054021	0.546931407942238	0.793778801843318
