"mean"	"sd"	"min"	"max"
"1"	0.661527983753052	0.0520253450114793	0.517087667161961	0.788249694002448
