"mean"	"sd"	"min"	"max"
"1"	0.666702393797867	0.0514391414045349	0.511144130757801	0.811059907834101
