"mean"	"sd"	"min"	"max"
"1"	0.659634907506767	0.0533046825827047	0.506686478454681	0.827188940092166
