"mean"	"sd"	"min"	"max"
"1"	0.680604536797848	0.0472144235960571	0.564981949458484	0.805385556915545
