"mean"	"sd"	"min"	"max"
"1"	0.68212150644656	0.0483522415357084	0.552346570397112	0.804161566707466
