"mean"	"sd"	"min"	"max"
"1"	0.68037327260635	0.0466432071117096	0.572065378900446	0.793145654834761
