"mean"	"sd"	"min"	"max"
"1"	0.673799110379418	0.0539022314812544	0.552346570397112	0.811505507955936
