"mean"	"sd"	"min"	"max"
"1"	0.679906160771795	0.0487888497148267	0.537906137184116	0.796817625458996
