"mean"	"sd"	"min"	"max"
"1"	0.680537600828828	0.0469551837710912	0.575812274368231	0.810281517747858
