"mean"	"sd"	"min"	"max"
"1"	0.680594929775824	0.0496062149325542	0.534296028880866	0.811505507955936
