"mean"	"sd"	"min"	"max"
"1"	0.680928029738299	0.0470276520664113	0.57942238267148	0.800489596083231
