"mean"	"sd"	"min"	"max"
"1"	0.657451347402841	0.0536766933257072	0.478454680534918	0.831797235023041
