"mean"	"sd"	"min"	"max"
"1"	0.681892852875799	0.0460618399117449	0.557761732851986	0.7796817625459
