"mean"	"sd"	"min"	"max"
"1"	0.679823455230214	0.049113559878519	0.563176895306859	0.812729498164015
