"mean"	"sd"	"min"	"max"
"1"	0.661657658479281	0.0505769921107281	0.523465703971119	0.784562211981567
