"mean"	"sd"	"min"	"max"
"1"	0.681401509025615	0.0475655948333319	0.570397111913357	0.807833537331701
