"mean"	"sd"	"min"	"max"
"1"	0.683564459933742	0.0451990387291919	0.566787003610108	0.795593635250918
