"mean"	"sd"	"min"	"max"
"1"	0.663559535404301	0.0509105999815161	0.557761732851986	0.793145654834761
