"mean"	"sd"	"min"	"max"
"1"	0.679240146118378	0.0485331958398484	0.545126353790614	0.804161566707466
