"mean"	"sd"	"min"	"max"
"1"	0.657766561828883	0.0537367902113139	0.50520059435364	0.828341013824885
