"mean"	"sd"	"min"	"max"
"1"	0.658170264843908	0.0551599171193352	0.490341753343239	0.830645161290323
