"mean"	"sd"	"min"	"max"
"1"	0.680035033902562	0.0487201717186721	0.563176895306859	0.806609547123623
