"mean"	"sd"	"min"	"max"
"1"	0.656620280529287	0.0546927407582877	0.514115898959881	0.827188940092166
