"mean"	"sd"	"min"	"max"
"1"	0.659919986607396	0.0538809960598965	0.5037147102526	0.797235023041475
