"mean"	"sd"	"min"	"max"
"1"	0.661383084209257	0.0505587196681321	0.552346570397112	0.799265605875153
