"mean"	"sd"	"min"	"max"
"1"	0.679394952402503	0.0489914309879004	0.55956678700361	0.805385556915545
