"mean"	"sd"	"min"	"max"
"1"	0.67987653728643	0.0485544357445201	0.55956678700361	0.807833537331701
