"mean"	"sd"	"min"	"max"
"1"	0.664393533303756	0.052952090825893	0.514115898959881	0.796082949308756
