"mean"	"sd"	"min"	"max"
"1"	0.679359411654921	0.0473561022697463	0.566787003610108	0.802937576499388
