"mean"	"sd"	"min"	"max"
"1"	0.684648592374578	0.0425849300891803	0.581227436823105	0.788249694002448
