"mean"	"sd"	"min"	"max"
"1"	0.676279778813494	0.0457697235852947	0.543321299638989	0.784562211981567
