"mean"	"sd"	"min"	"max"
"1"	0.677832677938338	0.0526511436230195	0.537906137184116	0.81640146878825
