"mean"	"sd"	"min"	"max"
"1"	0.681565344767355	0.0481625513451906	0.570397111913357	0.807833537331701
