"mean"	"sd"	"min"	"max"
"1"	0.659644547640011	0.0529405794208761	0.508172362555721	0.788018433179724
