"mean"	"sd"	"min"	"max"
"1"	0.679059488903881	0.0499600490346391	0.548736462093863	0.812729498164015
