"mean"	"sd"	"min"	"max"
"1"	0.675026017573828	0.0504298219006541	0.543321299638989	0.811505507955936
