"mean"	"sd"	"min"	"max"
"1"	0.674403667240267	0.0427922542715853	0.58419689119171	0.784577723378213
