"mean"	"sd"	"min"	"max"
"1"	0.678789333650823	0.0498628195064602	0.561371841155235	0.820073439412485
