"mean"	"sd"	"min"	"max"
"1"	0.68595879881977	0.0456195418244016	0.568592057761733	0.802937576499388
