"mean"	"sd"	"min"	"max"
"1"	0.675215780349	0.0526896363730916	0.548736462093863	0.816820276497696
