"mean"	"sd"	"min"	"max"
"1"	0.673375576100891	0.0492941283118501	0.552346570397112	0.799539170506912
