"mean"	"sd"	"min"	"max"
"1"	0.660115249586087	0.0535299385244419	0.5037147102526	0.83294930875576
