"mean"	"sd"	"min"	"max"
"1"	0.668213473153248	0.0522215038131932	0.521545319465082	0.819124423963134
