"mean"	"sd"	"min"	"max"
"1"	0.677690328636563	0.0460801998925654	0.548736462093863	0.785801713586291
