"mean"	"sd"	"min"	"max"
"1"	0.661964627358067	0.0539567597328786	0.523031203566122	0.794930875576037
