"mean"	"sd"	"min"	"max"
"1"	0.651386305461982	0.0479617090531973	0.550541516245487	0.789170506912442
