"mean"	"sd"	"min"	"max"
"1"	0.672786290063831	0.0434353747407922	0.576523031203566	0.7796817625459
