"mean"	"sd"	"min"	"max"
"1"	0.672691943257024	0.0516274774920499	0.546931407942238	0.804161566707466
