"mean"	"sd"	"min"	"max"
"1"	0.67465688664701	0.0496364896412613	0.566787003610108	0.806609547123623
