"mean"	"sd"	"min"	"max"
"1"	0.680015194944464	0.0465524941386091	0.586642599277978	0.811505507955936
