"mean"	"sd"	"min"	"max"
"1"	0.660134258545812	0.052575421319099	0.541516245487365	0.793778801843318
