"mean"	"sd"	"min"	"max"
"1"	0.679355125965562	0.0489203214601848	0.577617328519856	0.815177478580171
