"mean"	"sd"	"min"	"max"
"1"	0.680923820534245	0.0453709541730763	0.557761732851986	0.793145654834761
