"mean"	"sd"	"min"	"max"
"1"	0.67951603659255	0.0477635671540473	0.561371841155235	0.811505507955936
