"mean"	"sd"	"min"	"max"
"1"	0.668586474559106	0.052875110906739	0.511144130757801	0.821428571428571
