"mean"	"sd"	"min"	"max"
"1"	0.675379720105552	0.0498070521921932	0.557761732851986	0.80905752753978
