"mean"	"sd"	"min"	"max"
"1"	0.673173680201627	0.050650780828738	0.555956678700361	0.815177478580171
