"mean"	"sd"	"min"	"max"
"1"	0.679159503548431	0.049289119071489	0.568592057761733	0.812729498164015
