"mean"	"sd"	"min"	"max"
"1"	0.661667549414895	0.0488034463629605	0.557206537890045	0.784577723378213
