"mean"	"sd"	"min"	"max"
"1"	0.668201081416624	0.0500053599548353	0.540861812778603	0.800489596083231
