"mean"	"sd"	"min"	"max"
"1"	0.679354916415028	0.0497967721798043	0.552346570397112	0.807833537331701
