"mean"	"sd"	"min"	"max"
"1"	0.668504701321892	0.0533615492502626	0.50520059435364	0.824884792626728
