"mean"	"sd"	"min"	"max"
"1"	0.664384514218486	0.0516669215835324	0.546805349182764	0.80171358629131
