"mean"	"sd"	"min"	"max"
"1"	0.666354571862178	0.0514251071992384	0.518573551263002	0.809907834101382
