"mean"	"sd"	"min"	"max"
"1"	0.671004915743536	0.0506330091610786	0.564981949458484	0.817625458996328
