"mean"	"sd"	"min"	"max"
"1"	0.663389205963785	0.051416051948113	0.537906137184116	0.796817625458996
