"mean"	"sd"	"min"	"max"
"1"	0.66143255236132	0.0516944852294928	0.543321299638989	0.798041615667075
