"mean"	"sd"	"min"	"max"
"1"	0.668236002282672	0.0501245452578115	0.548736462093863	0.792626728110599
