"mean"	"sd"	"min"	"max"
"1"	0.679791612628985	0.0470987788365103	0.574007220216607	0.804161566707466
