"mean"	"sd"	"min"	"max"
"1"	0.679808788957539	0.0472840059346347	0.581227436823105	0.807833537331701
