"mean"	"sd"	"min"	"max"
"1"	0.676148918953587	0.0467067884492375	0.563176895306859	0.807603686635945
