"mean"	"sd"	"min"	"max"
"1"	0.681146891425297	0.0455228348250391	0.568592057761733	0.806609547123623
