"mean"	"sd"	"min"	"max"
"1"	0.685825880958119	0.0454183667766566	0.583032490974729	0.805385556915545
