"mean"	"sd"	"min"	"max"
"1"	0.662214934111906	0.0523350905453097	0.518573551263002	0.788249694002448
