"mean"	"sd"	"min"	"max"
"1"	0.659085130439776	0.0523504973640685	0.509658246656761	0.82258064516129
