"mean"	"sd"	"min"	"max"
"1"	0.67462917142905	0.0436425611687929	0.578008915304606	0.789473684210526
