"mean"	"sd"	"min"	"max"
"1"	0.674171137927326	0.0440016620082507	0.575129533678757	0.785801713586291
