"mean"	"sd"	"min"	"max"
"1"	0.677059055966305	0.0513370408987387	0.530685920577617	0.820073439412485
