"mean"	"sd"	"min"	"max"
"1"	0.683077424376935	0.0476046752683439	0.570397111913357	0.807833537331701
