"mean"	"sd"	"min"	"max"
"1"	0.669688272373921	0.0522044301102951	0.508172362555721	0.821428571428571
