"mean"	"sd"	"min"	"max"
"1"	0.660669122132093	0.0517247467886446	0.512630014858841	0.783353733170135
