"mean"	"sd"	"min"	"max"
"1"	0.683224147425853	0.0438095290541626	0.574007220216607	0.779953917050691
