"mean"	"sd"	"min"	"max"
"1"	0.679032614646191	0.0516126853556489	0.557761732851986	0.813953488372093
