"mean"	"sd"	"min"	"max"
"1"	0.678444898184896	0.0465204191061593	0.566787003610108	0.799265605875153
