"mean"	"sd"	"min"	"max"
"1"	0.667738787077982	0.0533172665950077	0.5037147102526	0.816820276497696
