"mean"	"sd"	"min"	"max"
"1"	0.681408594622188	0.0483226097938559	0.566787003610108	0.818849449204406
