"mean"	"sd"	"min"	"max"
"1"	0.681562638698728	0.0484656076602855	0.554151624548736	0.80905752753978
