"mean"	"sd"	"min"	"max"
"1"	0.661930827863979	0.0515607186237081	0.521545319465082	0.789170506912442
