"mean"	"sd"	"min"	"max"
"1"	0.680698350824956	0.0509733976154845	0.557761732851986	0.806609547123623
