"mean"	"sd"	"min"	"max"
"1"	0.652791916344783	0.0550929010527081	0.49479940564636	0.798387096774194
