"mean"	"sd"	"min"	"max"
"1"	0.668607650593503	0.0513192393300482	0.546931407942238	0.789170506912442
