"mean"	"sd"	"min"	"max"
"1"	0.663837214099356	0.0526097937749276	0.536101083032491	0.804161566707466
