"mean"	"sd"	"min"	"max"
"1"	0.679937702832388	0.0471214803475793	0.566787003610108	0.796817625458996
