"mean"	"sd"	"min"	"max"
"1"	0.674047366382273	0.0504092905476189	0.564981949458484	0.810281517747858
