"mean"	"sd"	"min"	"max"
"1"	0.671937958444754	0.0533616569462812	0.536101083032491	0.821297429620563
