"mean"	"sd"	"min"	"max"
"1"	0.658257261674852	0.0535769257464009	0.491827637444279	0.831797235023041
