"mean"	"sd"	"min"	"max"
"1"	0.676359799170102	0.047316783618268	0.581227436823105	0.807833537331701
