"mean"	"sd"	"min"	"max"
"1"	0.671429199156585	0.0508108652759167	0.555956678700361	0.811505507955936
