"mean"	"sd"	"min"	"max"
"1"	0.67299778771383	0.0507630229921824	0.563176895306859	0.811505507955936
