"mean"	"sd"	"min"	"max"
"1"	0.675547014901868	0.0499228727013805	0.564635958395245	0.819124423963134
