"mean"	"sd"	"min"	"max"
"1"	0.672489353163981	0.0506888279362416	0.555956678700361	0.80171358629131
