"mean"	"sd"	"min"	"max"
"1"	0.678085580893621	0.0505727362998791	0.552346570397112	0.80171358629131
