"mean"	"sd"	"min"	"max"
"1"	0.679336129662898	0.0468252009719503	0.586642599277978	0.812729498164015
