"mean"	"sd"	"min"	"max"
"1"	0.670480931385306	0.049095382517028	0.554151624548736	0.793145654834761
