"mean"	"sd"	"min"	"max"
"1"	0.678300852332205	0.0492331022982205	0.545126353790614	0.804161566707466
