"mean"	"sd"	"min"	"max"
"1"	0.681908338248605	0.0458632127562923	0.570397111913357	0.80171358629131
