"mean"	"sd"	"min"	"max"
"1"	0.675633168357462	0.052001143770351	0.548736462093863	0.812729498164015
