"mean"	"sd"	"min"	"max"
"1"	0.671303342628983	0.0454912720282935	0.560178306092125	0.775345622119816
