"mean"	"sd"	"min"	"max"
"1"	0.671871383789111	0.0530782902422834	0.543321299638989	0.812729498164015
