"mean"	"sd"	"min"	"max"
"1"	0.67923440569575	0.0497465354793056	0.574007220216607	0.813953488372093
