"mean"	"sd"	"min"	"max"
"1"	0.66247978844624	0.0517608919170127	0.543321299638989	0.798041615667075
