"mean"	"sd"	"min"	"max"
"1"	0.656763378895389	0.0581428704745759	0.459138187221397	0.835253456221198
