"mean"	"sd"	"min"	"max"
"1"	0.674251080574737	0.0501148501225141	0.561371841155235	0.80905752753978
