"mean"	"sd"	"min"	"max"
"1"	0.679203857349691	0.0478807851110129	0.55956678700361	0.80171358629131
