"mean"	"sd"	"min"	"max"
"1"	0.666618402585458	0.0510376661728094	0.545126353790614	0.788249694002448
