"mean"	"sd"	"min"	"max"
"1"	0.670500286182217	0.0503429162865455	0.548736462093863	0.794930875576037
