"mean"	"sd"	"min"	"max"
"1"	0.678810751482358	0.0510643530238596	0.518050541516246	0.800691244239631
