"mean"	"sd"	"min"	"max"
"1"	0.658632159026673	0.0527931176924988	0.493313521545319	0.821428571428571
