"mean"	"sd"	"min"	"max"
"1"	0.682443151654881	0.048439666450135	0.554151624548736	0.80905752753978
