"mean"	"sd"	"min"	"max"
"1"	0.656950749477437	0.0545238483954266	0.506686478454681	0.815668202764977
