"mean"	"sd"	"min"	"max"
"1"	0.687093261116533	0.0447265757804871	0.577617328519856	0.80905752753978
