"mean"	"sd"	"min"	"max"
"1"	0.679588337774415	0.0466890387390922	0.566787003610108	0.802937576499388
