"mean"	"sd"	"min"	"max"
"1"	0.685050645158859	0.0454364607249072	0.577617328519856	0.80171358629131
