"mean"	"sd"	"min"	"max"
"1"	0.671913511713214	0.0519176222774547	0.550541516245487	0.807833537331701
