"mean"	"sd"	"min"	"max"
"1"	0.658149302264881	0.0534341415471491	0.49479940564636	0.821428571428571
