"mean"	"sd"	"min"	"max"
"1"	0.676917257245179	0.0504008810077547	0.545126353790614	0.810281517747858
