"mean"	"sd"	"min"	"max"
"1"	0.665303749512101	0.0518040268969189	0.543321299638989	0.798387096774194
