"mean"	"sd"	"min"	"max"
"1"	0.663183532492982	0.0511164336580165	0.545319465081724	0.802937576499388
