"mean"	"sd"	"min"	"max"
"1"	0.669940968781305	0.0497011951995319	0.548291233283804	0.789473684210526
