"mean"	"sd"	"min"	"max"
"1"	0.671172285873563	0.0496742492055746	0.549777117384844	0.795593635250918
