"mean"	"sd"	"min"	"max"
"1"	0.679507329394607	0.0459987978086004	0.557761732851986	0.812729498164015
