"mean"	"sd"	"min"	"max"
"1"	0.678321813641253	0.0501992307353187	0.564981949458484	0.802937576499388
