"mean"	"sd"	"min"	"max"
"1"	0.675175925558965	0.0515928451896052	0.545126353790614	0.807603686635945
