"mean"	"sd"	"min"	"max"
"1"	0.680349603070096	0.0485953894781918	0.557761732851986	0.805385556915545
