"mean"	"sd"	"min"	"max"
"1"	0.681034300992152	0.0482593934728284	0.564981949458484	0.810281517747858
