"mean"	"sd"	"min"	"max"
"1"	0.671014700765936	0.0452963222355169	0.560178306092125	0.775345622119816
