"mean"	"sd"	"min"	"max"
"1"	0.674015255729818	0.0503815470952227	0.548736462093863	0.81640146878825
