"mean"	"sd"	"min"	"max"
"1"	0.68434326894428	0.0458521972134434	0.561371841155235	0.796817625458996
