"mean"	"sd"	"min"	"max"
"1"	0.684966560432827	0.046003222194424	0.568592057761733	0.796817625458996
