"mean"	"sd"	"min"	"max"
"1"	0.677882940508067	0.0505366083912983	0.557761732851986	0.810281517747858
