"mean"	"sd"	"min"	"max"
"1"	0.660026129619256	0.0532360764874022	0.509658246656761	0.788249694002448
