"mean"	"sd"	"min"	"max"
"1"	0.672541275674337	0.0512291029097333	0.564981949458484	0.811505507955936
