"mean"	"sd"	"min"	"max"
"1"	0.678318877777334	0.0511810562864913	0.541516245487365	0.802937576499388
