"mean"	"sd"	"min"	"max"
"1"	0.668499712018087	0.0500350406369783	0.543833580980683	0.79436964504284
