"mean"	"sd"	"min"	"max"
"1"	0.680748607001621	0.048958320473764	0.550541516245487	0.813953488372093
