"mean"	"sd"	"min"	"max"
"1"	0.674344843624123	0.0438684707782755	0.572065378900446	0.790697674418605
