"mean"	"sd"	"min"	"max"
"1"	0.677411982769835	0.0498236744099346	0.561371841155235	0.805385556915545
