"mean"	"sd"	"min"	"max"
"1"	0.650746422181536	0.0523742375901197	0.50520059435364	0.793778801843318
