"mean"	"sd"	"min"	"max"
"1"	0.678844889739596	0.0464514994910701	0.564981949458484	0.798041615667075
