"mean"	"sd"	"min"	"max"
"1"	0.667426877558792	0.0525569546951326	0.51985559566787	0.790322580645161
