"mean"	"sd"	"min"	"max"
"1"	0.679114123456486	0.0528812330912488	0.543321299638989	0.821297429620563
