"mean"	"sd"	"min"	"max"
"1"	0.675500798949889	0.0489472217412981	0.574007220216607	0.80905752753978
