"mean"	"sd"	"min"	"max"
"1"	0.685703366987465	0.0461190952527531	0.564981949458484	0.80171358629131
