"mean"	"sd"	"min"	"max"
"1"	0.663639876853674	0.052680673122694	0.534296028880866	0.798041615667075
