"mean"	"sd"	"min"	"max"
"1"	0.682551456811353	0.0478743149448865	0.574007220216607	0.811505507955936
