"mean"	"sd"	"min"	"max"
"1"	0.675319647576123	0.048303119437029	0.561371841155235	0.805299539170507
