"mean"	"sd"	"min"	"max"
"1"	0.681609166438847	0.0468490624486408	0.552346570397112	0.795593635250918
