"mean"	"sd"	"min"	"max"
"1"	0.677338018724644	0.0499087702019198	0.550541516245487	0.812729498164015
