"mean"	"sd"	"min"	"max"
"1"	0.679041321988495	0.0500482547432765	0.557761732851986	0.813953488372093
