"mean"	"sd"	"min"	"max"
"1"	0.672681861743093	0.0513594885916341	0.552346570397112	0.810281517747858
