"mean"	"sd"	"min"	"max"
"1"	0.674851526331377	0.0510186398360231	0.543321299638989	0.800489596083231
