"mean"	"sd"	"min"	"max"
"1"	0.656482518197709	0.0535919401405968	0.511144130757801	0.82258064516129
