"mean"	"sd"	"min"	"max"
"1"	0.67987082168133	0.0460408500058252	0.577617328519856	0.811505507955936
