"mean"	"sd"	"min"	"max"
"1"	0.680377221235915	0.0493892666837571	0.557761732851986	0.807833537331701
