"mean"	"sd"	"min"	"max"
"1"	0.676773352175112	0.0501368202094944	0.55956678700361	0.818849449204406
