"mean"	"sd"	"min"	"max"
"1"	0.676233519949454	0.0417881226871515	0.586787564766839	0.777233782129743
