"mean"	"sd"	"min"	"max"
"1"	0.676859288498586	0.0502886148451816	0.564981949458484	0.813953488372093
