"mean"	"sd"	"min"	"max"
"1"	0.685532873952499	0.044691293455425	0.572202166064982	0.793145654834761
