"mean"	"sd"	"min"	"max"
"1"	0.65942465620349	0.0527382250562616	0.509658246656761	0.823732718894009
