"mean"	"sd"	"min"	"max"
"1"	0.665738027927222	0.0516127706349851	0.550541516245487	0.796082949308756
