"mean"	"sd"	"min"	"max"
"1"	0.671382620483852	0.0521331085713961	0.541516245487365	0.813953488372093
