"mean"	"sd"	"min"	"max"
"1"	0.677556437604604	0.0489750314818937	0.574007220216607	0.813953488372093
