"mean"	"sd"	"min"	"max"
"1"	0.683154194693827	0.0450257572645214	0.561371841155235	0.776497695852535
