"mean"	"sd"	"min"	"max"
"1"	0.679024162556293	0.0476662954087198	0.548736462093863	0.802937576499388
