"mean"	"sd"	"min"	"max"
"1"	0.675153599800122	0.0518318735519646	0.548736462093863	0.804147465437788
