"mean"	"sd"	"min"	"max"
"1"	0.662853380191791	0.0522373517607344	0.536101083032491	0.796817625458996
