"mean"	"sd"	"min"	"max"
"1"	0.681253106222922	0.0486965199673865	0.55956678700361	0.80905752753978
