"mean"	"sd"	"min"	"max"
"1"	0.677196949098309	0.0504808705325636	0.552346570397112	0.813953488372093
