"mean"	"sd"	"min"	"max"
"1"	0.680163008814761	0.0471534792378085	0.555956678700361	0.791921664626683
