"mean"	"sd"	"min"	"max"
"1"	0.678861047168316	0.0490686842711673	0.555956678700361	0.815177478580171
