"mean"	"sd"	"min"	"max"
"1"	0.679820699825091	0.0495328685432867	0.55956678700361	0.811059907834101
