"mean"	"sd"	"min"	"max"
"1"	0.68381235138402	0.0461274020039576	0.561371841155235	0.789473684210526
