"mean"	"sd"	"min"	"max"
"1"	0.680432985755434	0.0491858158795899	0.557761732851986	0.807833537331701
