"mean"	"sd"	"min"	"max"
"1"	0.665487215338881	0.0515718367282546	0.515601783060921	0.794930875576037
