"mean"	"sd"	"min"	"max"
"1"	0.67402828543268	0.0429501414015413	0.58419689119171	0.783353733170135
