"mean"	"sd"	"min"	"max"
"1"	0.677530358263261	0.0514567479211435	0.554151624548736	0.812729498164015
