"mean"	"sd"	"min"	"max"
"1"	0.66508534899425	0.0511719286984875	0.549777117384844	0.804161566707466
