"mean"	"sd"	"min"	"max"
"1"	0.670617532392706	0.0475405438034016	0.558692421991085	0.78702570379437
