"mean"	"sd"	"min"	"max"
"1"	0.67567345244453	0.0497294536281015	0.557761732851986	0.815177478580171
