"mean"	"sd"	"min"	"max"
"1"	0.684955295674476	0.0455849302969705	0.581227436823105	0.812729498164015
