"mean"	"sd"	"min"	"max"
"1"	0.671211747638784	0.050726311887949	0.541516245487365	0.802995391705069
