"mean"	"sd"	"min"	"max"
"1"	0.662003879383985	0.0529114178817483	0.511144130757801	0.792626728110599
