"mean"	"sd"	"min"	"max"
"1"	0.679746946658426	0.046064244542025	0.566787003610108	0.804161566707466
