"mean"	"sd"	"min"	"max"
"1"	0.658592248917863	0.054881146995394	0.484398216939079	0.836405529953917
