"mean"	"sd"	"min"	"max"
"1"	0.665279628975572	0.0520309498397114	0.548736462093863	0.796817625458996
