"mean"	"sd"	"min"	"max"
"1"	0.683022410157156	0.0477048212530392	0.577617328519856	0.811505507955936
