"mean"	"sd"	"min"	"max"
"1"	0.675102458175938	0.0525407335615519	0.555956678700361	0.828641370869033
