"mean"	"sd"	"min"	"max"
"1"	0.670046496915115	0.0517721195304155	0.545126353790614	0.80905752753978
