"mean"	"sd"	"min"	"max"
"1"	0.657341560854124	0.0523291302703539	0.506686478454681	0.814516129032258
