"mean"	"sd"	"min"	"max"
"1"	0.681570195744636	0.0485266657127615	0.572202166064982	0.826193390452876
