"mean"	"sd"	"min"	"max"
"1"	0.670937692829212	0.0494644670335582	0.555956678700361	0.804147465437788
