"mean"	"sd"	"min"	"max"
"1"	0.663596906213317	0.052672404870962	0.525270758122744	0.795593635250918
