"mean"	"sd"	"min"	"max"
"1"	0.677254420304815	0.0494733676925625	0.566787003610108	0.805385556915545
