"mean"	"sd"	"min"	"max"
"1"	0.683604535741925	0.0449837087051107	0.572202166064982	0.790697674418605
