"mean"	"sd"	"min"	"max"
"1"	0.678551208563746	0.0480503495005452	0.554151624548736	0.805385556915545
