"mean"	"sd"	"min"	"max"
"1"	0.677587215598133	0.0510782642783774	0.543321299638989	0.811505507955936
