"mean"	"sd"	"min"	"max"
"1"	0.684660627680629	0.045265127481003	0.566787003610108	0.800489596083231
