"mean"	"sd"	"min"	"max"
"1"	0.679132330462399	0.0484625653958014	0.568592057761733	0.805385556915545
