"mean"	"sd"	"min"	"max"
"1"	0.677212357767596	0.0507185007127268	0.555956678700361	0.81221198156682
