"mean"	"sd"	"min"	"max"
"1"	0.682648060942946	0.047579101886754	0.583032490974729	0.815177478580171
