"mean"	"sd"	"min"	"max"
"1"	0.684202739144919	0.0447604002860929	0.564981949458484	0.784577723378213
