"mean"	"sd"	"min"	"max"
"1"	0.679379757567416	0.0465447409206184	0.555956678700361	0.804161566707466
