"mean"	"sd"	"min"	"max"
"1"	0.680744873559861	0.0460822467976014	0.566787003610108	0.79436964504284
