"mean"	"sd"	"min"	"max"
"1"	0.67603312541759	0.0504303506873159	0.557761732851986	0.805385556915545
