"mean"	"sd"	"min"	"max"
"1"	0.673125942399814	0.05245846432055	0.548736462093863	0.813953488372093
