"mean"	"sd"	"min"	"max"
"1"	0.6776018090492	0.0470746825230133	0.572202166064982	0.80905752753978
