"mean"	"sd"	"min"	"max"
"1"	0.658153302392977	0.0527991499887811	0.534296028880866	0.790697674418605
