"mean"	"sd"	"min"	"max"
"1"	0.664451737512197	0.0517816065735717	0.552346570397112	0.79436964504284
