"mean"	"sd"	"min"	"max"
"1"	0.675016659949124	0.0435062554992583	0.586503067484663	0.783353733170135
