"mean"	"sd"	"min"	"max"
"1"	0.677859906425111	0.0509235699031902	0.53971119133574	0.810281517747858
