"mean"	"sd"	"min"	"max"
"1"	0.6743017095603	0.0499583110221323	0.552346570397112	0.802937576499388
