"mean"	"sd"	"min"	"max"
"1"	0.678062709633153	0.0473423649306432	0.575812274368231	0.807833537331701
