"mean"	"sd"	"min"	"max"
"1"	0.678188902284101	0.0491210092676033	0.541516245487365	0.796817625458996
