"mean"	"sd"	"min"	"max"
"1"	0.683155134158032	0.0452228594316436	0.568592057761733	0.790697674418605
