"mean"	"sd"	"min"	"max"
"1"	0.679938886904688	0.0507294178197653	0.546931407942238	0.80905752753978
