"mean"	"sd"	"min"	"max"
"1"	0.669401461172746	0.0453435205346988	0.560178306092125	0.774193548387097
