"mean"	"sd"	"min"	"max"
"1"	0.664707770109721	0.0505377693306853	0.548736462093863	0.800489596083231
