"mean"	"sd"	"min"	"max"
"1"	0.678258392962058	0.0476048719743124	0.574007220216607	0.80171358629131
