"mean"	"sd"	"min"	"max"
"1"	0.680100604576106	0.0507418431696682	0.555956678700361	0.811505507955936
