"mean"	"sd"	"min"	"max"
"1"	0.678062168582778	0.0469530435032201	0.555956678700361	0.79436964504284
