"mean"	"sd"	"min"	"max"
"1"	0.685505824023228	0.0480380162814079	0.554151624548736	0.807833537331701
