"mean"	"sd"	"min"	"max"
"1"	0.669150254857626	0.0516062266294674	0.537906137184116	0.802995391705069
