"mean"	"sd"	"min"	"max"
"1"	0.6569448862671	0.0534216195514244	0.508172362555721	0.81221198156682
