"mean"	"sd"	"min"	"max"
"1"	0.668174064554736	0.051976257108073	0.515601783060921	0.811059907834101
