"mean"	"sd"	"min"	"max"
"1"	0.681081888186433	0.0465698199888288	0.572202166064982	0.805385556915545
