"mean"	"sd"	"min"	"max"
"1"	0.662886928680599	0.0528852366450677	0.514115898959881	0.785801713586291
