"mean"	"sd"	"min"	"max"
"1"	0.662449684179662	0.0518334948600306	0.523031203566122	0.784562211981567
