"mean"	"sd"	"min"	"max"
"1"	0.665436567020267	0.051105782314694	0.537906137184116	0.791921664626683
