"mean"	"sd"	"min"	"max"
"1"	0.674637086766526	0.0434892280484043	0.587730061349693	0.784577723378213
