"mean"	"sd"	"min"	"max"
"1"	0.673993311133846	0.0503706761693155	0.563176895306859	0.806609547123623
