"mean"	"sd"	"min"	"max"
"1"	0.677750597508773	0.0472011475181575	0.566787003610108	0.800489596083231
