"mean"	"sd"	"min"	"max"
"1"	0.678321859453546	0.0501733569466728	0.554151624548736	0.806609547123623
