"mean"	"sd"	"min"	"max"
"1"	0.680316708717873	0.0470953471712751	0.557761732851986	0.799265605875153
