"mean"	"sd"	"min"	"max"
"1"	0.654451350887719	0.0502758014708131	0.508172362555721	0.78110599078341
