"mean"	"sd"	"min"	"max"
"1"	0.665135093778173	0.0519886956216822	0.521545319465082	0.80184331797235
