"mean"	"sd"	"min"	"max"
"1"	0.682813854919771	0.0487931830655426	0.566787003610108	0.815177478580171
