"mean"	"sd"	"min"	"max"
"1"	0.677885208119944	0.0521317540577265	0.550541516245487	0.818849449204406
