"mean"	"sd"	"min"	"max"
"1"	0.677712840599946	0.0468846183862494	0.566121842496285	0.79436964504284
