"mean"	"sd"	"min"	"max"
"1"	0.678153964004737	0.04693205545925	0.546931407942238	0.785801713586291
