"mean"	"sd"	"min"	"max"
"1"	0.673072289883107	0.0519808196896602	0.523465703971119	0.805385556915545
