"mean"	"sd"	"min"	"max"
"1"	0.672860936061517	0.0435380243148777	0.576523031203566	0.782129742962056
