"mean"	"sd"	"min"	"max"
"1"	0.678733773069858	0.0468542714804904	0.55956678700361	0.80171358629131
