"mean"	"sd"	"min"	"max"
"1"	0.671498410972358	0.0483220441220979	0.550541516245487	0.793778801843318
