"mean"	"sd"	"min"	"max"
"1"	0.654373630147462	0.049699271756983	0.558692421991085	0.793145654834761
