"mean"	"sd"	"min"	"max"
"1"	0.680097377990266	0.0447273350042416	0.568592057761733	0.802937576499388
