"mean"	"sd"	"min"	"max"
"1"	0.669735487634595	0.0502819221869397	0.537906137184116	0.796082949308756
