"mean"	"sd"	"min"	"max"
"1"	0.67556447062257	0.0521568824431383	0.546931407942238	0.813953488372093
