"mean"	"sd"	"min"	"max"
"1"	0.666287093469614	0.0503233387404554	0.550541516245487	0.790322580645161
