"mean"	"sd"	"min"	"max"
"1"	0.65732109772491	0.0578635324941738	0.462109955423477	0.839861751152074
