"mean"	"sd"	"min"	"max"
"1"	0.679621249057154	0.0498214805507924	0.554151624548736	0.800691244239631
