"mean"	"sd"	"min"	"max"
"1"	0.682312633639716	0.0454996426213199	0.566787003610108	0.785801713586291
