"mean"	"sd"	"min"	"max"
"1"	0.670814410227267	0.0491516030501793	0.545126353790614	0.796082949308756
