"mean"	"sd"	"min"	"max"
"1"	0.675814554505858	0.0489769153821048	0.574007220216607	0.820073439412485
