"mean"	"sd"	"min"	"max"
"1"	0.673196877122003	0.0494116172949619	0.552748885586924	0.797235023041475
