"mean"	"sd"	"min"	"max"
"1"	0.678557566779201	0.048782121849037	0.583952451708767	0.810281517747858
