"mean"	"sd"	"min"	"max"
"1"	0.680406634883881	0.0477211154288134	0.572202166064982	0.811505507955936
