"mean"	"sd"	"min"	"max"
"1"	0.668248475256064	0.0498351895949209	0.536101083032491	0.80184331797235
