"mean"	"sd"	"min"	"max"
"1"	0.67907708047586	0.0468040479366179	0.572202166064982	0.807833537331701
