"mean"	"sd"	"min"	"max"
"1"	0.671818533771653	0.0514606612570514	0.561035758323058	0.794930875576037
