"mean"	"sd"	"min"	"max"
"1"	0.67243529238154	0.0510509120034973	0.546931407942238	0.798387096774194
