"mean"	"sd"	"min"	"max"
"1"	0.668019442513331	0.0509687631876063	0.545319465081724	0.799265605875153
