"mean"	"sd"	"min"	"max"
"1"	0.679835793981094	0.0476864724851159	0.568592057761733	0.80905752753978
