"mean"	"sd"	"min"	"max"
"1"	0.684979976009086	0.0443520702534459	0.572202166064982	0.782129742962056
