"mean"	"sd"	"min"	"max"
"1"	0.678230063724194	0.0497543373945106	0.550541516245487	0.800489596083231
