"mean"	"sd"	"min"	"max"
"1"	0.678861292059098	0.0462383975869345	0.555956678700361	0.805385556915545
