"mean"	"sd"	"min"	"max"
"1"	0.67684906801847	0.0474856849933987	0.548736462093863	0.798041615667075
