"mean"	"sd"	"min"	"max"
"1"	0.661381688724862	0.0517528310367809	0.528974739970282	0.78702570379437
