"mean"	"sd"	"min"	"max"
"1"	0.675387538272096	0.0510811442987686	0.55956678700361	0.802937576499388
