"mean"	"sd"	"min"	"max"
"1"	0.676515578284721	0.048364225757069	0.563176895306859	0.807833537331701
