"mean"	"sd"	"min"	"max"
"1"	0.674419767371122	0.0519335705085693	0.536101083032491	0.804161566707466
