"mean"	"sd"	"min"	"max"
"1"	0.657639848839287	0.0535697825516592	0.50222882615156	0.826036866359447
