"mean"	"sd"	"min"	"max"
"1"	0.674293041490205	0.0504145603313417	0.561371841155235	0.810281517747858
