"mean"	"sd"	"min"	"max"
"1"	0.673354034919133	0.0535507387842933	0.53971119133574	0.817625458996328
