"mean"	"sd"	"min"	"max"
"1"	0.68227514220987	0.0443187315487005	0.548736462093863	0.77233782129743
