"mean"	"sd"	"min"	"max"
"1"	0.66449546785541	0.0457998427257222	0.542347696879643	0.769585253456221
