"mean"	"sd"	"min"	"max"
"1"	0.684674239951086	0.046014701009171	0.575812274368231	0.805385556915545
