"mean"	"sd"	"min"	"max"
"1"	0.678659377827524	0.0472748024161623	0.557761732851986	0.80905752753978
