"mean"	"sd"	"min"	"max"
"1"	0.662292592197193	0.052251434812714	0.526002971768202	0.789473684210526
