"mean"	"sd"	"min"	"max"
"1"	0.666148971394447	0.0514583024458752	0.53971119133574	0.793145654834761
