"mean"	"sd"	"min"	"max"
"1"	0.669277849872036	0.0500795537920686	0.552346570397112	0.811059907834101
