"mean"	"sd"	"min"	"max"
"1"	0.677355591359825	0.0493499637494064	0.541516245487365	0.796817625458996
