"mean"	"sd"	"min"	"max"
"1"	0.658484202161797	0.0539392830491794	0.50520059435364	0.831797235023041
