"mean"	"sd"	"min"	"max"
"1"	0.684652607482005	0.0455946049117173	0.568592057761733	0.79436964504284
