"mean"	"sd"	"min"	"max"
"1"	0.669348844500709	0.0509238554148333	0.541516245487365	0.800691244239631
