"mean"	"sd"	"min"	"max"
"1"	0.67955241336547	0.0476500154751439	0.566787003610108	0.804161566707466
