"mean"	"sd"	"min"	"max"
"1"	0.672907328631337	0.0435070282615271	0.576523031203566	0.782129742962056
