"mean"	"sd"	"min"	"max"
"1"	0.659220078156041	0.05276964071687	0.509658246656761	0.831797235023041
