"mean"	"sd"	"min"	"max"
"1"	0.658217272998453	0.0500910128831086	0.509658246656761	0.785714285714286
