"mean"	"sd"	"min"	"max"
"1"	0.665674767998903	0.0517441236113226	0.543833580980683	0.799539170506912
