"mean"	"sd"	"min"	"max"
"1"	0.668801684330388	0.0426718218439461	0.567607726597325	0.762672811059908
