"mean"	"sd"	"min"	"max"
"1"	0.658297512807305	0.0522968299624323	0.50222882615156	0.815668202764977
