"mean"	"sd"	"min"	"max"
"1"	0.680610658585937	0.0464847209575659	0.555956678700361	0.790697674418605
