"mean"	"sd"	"min"	"max"
"1"	0.677920839074019	0.0505504010792643	0.555956678700361	0.811505507955936
