"mean"	"sd"	"min"	"max"
"1"	0.672822511883866	0.0505070761913254	0.543321299638989	0.806609547123623
