"mean"	"sd"	"min"	"max"
"1"	0.676864724087671	0.0517720746505123	0.560178306092125	0.826036866359447
