"mean"	"sd"	"min"	"max"
"1"	0.672972409596509	0.0506616021357954	0.537906137184116	0.80171358629131
