"mean"	"sd"	"min"	"max"
"1"	0.67318905755639	0.0492717032824986	0.563150074294205	0.804147465437788
