"mean"	"sd"	"min"	"max"
"1"	0.662892870134917	0.0529302581989616	0.517087667161961	0.802995391705069
