"mean"	"sd"	"min"	"max"
"1"	0.664620430746271	0.0511410718282026	0.514115898959881	0.790322580645161
