"mean"	"sd"	"min"	"max"
"1"	0.672480865423249	0.0518789930975454	0.552346570397112	0.817625458996328
