"mean"	"sd"	"min"	"max"
"1"	0.671089722848804	0.0503576772874653	0.555956678700361	0.80905752753978
