"mean"	"sd"	"min"	"max"
"1"	0.664738418263605	0.0538132051269787	0.49777117384844	0.797235023041475
