"mean"	"sd"	"min"	"max"
"1"	0.671185062269835	0.0434985307480991	0.564981949458484	0.774785801713586
