"mean"	"sd"	"min"	"max"
"1"	0.658999633668875	0.0543617412330845	0.484398216939079	0.838709677419355
