"mean"	"sd"	"min"	"max"
"1"	0.662800300411512	0.0499515584031514	0.550541516245487	0.790697674418605
