"mean"	"sd"	"min"	"max"
"1"	0.669501619863028	0.0505775226131962	0.552346570397112	0.798387096774194
