"mean"	"sd"	"min"	"max"
"1"	0.660884926437207	0.0534360436239842	0.508172362555721	0.789170506912442
