"mean"	"sd"	"min"	"max"
"1"	0.676269605417283	0.0501594003778595	0.557761732851986	0.81640146878825
