"mean"	"sd"	"min"	"max"
"1"	0.66008691621122	0.0517834462497574	0.514115898959881	0.821428571428571
