"mean"	"sd"	"min"	"max"
"1"	0.675964921395394	0.0514451617860816	0.53971119133574	0.805299539170507
