"mean"	"sd"	"min"	"max"
"1"	0.676457903111331	0.0498288899663538	0.563176895306859	0.805299539170507
