"mean"	"sd"	"min"	"max"
"1"	0.678513571954515	0.0487085914672196	0.566787003610108	0.815177478580171
