"mean"	"sd"	"min"	"max"
"1"	0.664376265695867	0.0510413845682521	0.549777117384844	0.80171358629131
