"mean"	"sd"	"min"	"max"
"1"	0.678526711333484	0.049279503896409	0.570397111913357	0.812729498164015
