"mean"	"sd"	"min"	"max"
"1"	0.680423396577936	0.0457673476024329	0.588447653429603	0.806609547123623
