"mean"	"sd"	"min"	"max"
"1"	0.679929483474662	0.0477909584602656	0.546931407942238	0.796817625458996
