"mean"	"sd"	"min"	"max"
"1"	0.679642544187132	0.0505104965244424	0.545126353790614	0.810281517747858
