"mean"	"sd"	"min"	"max"
"1"	0.674663967091925	0.0434035547061256	0.586503067484663	0.783353733170135
