"mean"	"sd"	"min"	"max"
"1"	0.679053562963862	0.0498456072401031	0.548736462093863	0.815177478580171
