"mean"	"sd"	"min"	"max"
"1"	0.673129314487226	0.0484701874305599	0.583032490974729	0.802937576499388
