"mean"	"sd"	"min"	"max"
"1"	0.680984799527255	0.0478052986225592	0.570397111913357	0.80905752753978
