"mean"	"sd"	"min"	"max"
"1"	0.682678360921901	0.0475194107183662	0.566787003610108	0.805385556915545
