"mean"	"sd"	"min"	"max"
"1"	0.685299538478388	0.0460052047455399	0.561371841155235	0.80171358629131
