"mean"	"sd"	"min"	"max"
"1"	0.674897599140998	0.0504761913516409	0.557761732851986	0.811505507955936
