"mean"	"sd"	"min"	"max"
"1"	0.677694647801881	0.0516329936808214	0.554151624548736	0.804161566707466
