"mean"	"sd"	"min"	"max"
"1"	0.667322467073354	0.0474145434923356	0.584837545126354	0.791921664626683
