"mean"	"sd"	"min"	"max"
"1"	0.679100860112519	0.04933197510626	0.561371841155235	0.811505507955936
