"mean"	"sd"	"min"	"max"
"1"	0.667407149933136	0.0528942716662989	0.511144130757801	0.814516129032258
