"mean"	"sd"	"min"	"max"
"1"	0.665725417021537	0.0521120711455784	0.521545319465082	0.797235023041475
