"mean"	"sd"	"min"	"max"
"1"	0.679612980721345	0.0472166061261687	0.570397111913357	0.796817625458996
