"mean"	"sd"	"min"	"max"
"1"	0.663251157261381	0.0454237036389073	0.548291233283804	0.768433179723502
