"mean"	"sd"	"min"	"max"
"1"	0.686048162502461	0.0459725290197198	0.557761732851986	0.802937576499388
