"mean"	"sd"	"min"	"max"
"1"	0.679375802896475	0.0491888036043171	0.548736462093863	0.798387096774194
