"mean"	"sd"	"min"	"max"
"1"	0.668135774226245	0.0525930232158101	0.509658246656761	0.808755760368664
