"mean"	"sd"	"min"	"max"
"1"	0.665999663837545	0.0521747788496036	0.50520059435364	0.798387096774194
