"mean"	"sd"	"min"	"max"
"1"	0.666927494714353	0.0509722314050676	0.541516245487365	0.790697674418605
