"mean"	"sd"	"min"	"max"
"1"	0.663582765083105	0.0519409352916359	0.53971119133574	0.795593635250918
