"mean"	"sd"	"min"	"max"
"1"	0.680507315455013	0.04628215547872	0.561371841155235	0.800489596083231
