"mean"	"sd"	"min"	"max"
"1"	0.658315527801109	0.0552616563411507	0.541104294478528	0.793778801843318
