"mean"	"sd"	"min"	"max"
"1"	0.681685629472354	0.0479866468055413	0.555956678700361	0.804161566707466
