"mean"	"sd"	"min"	"max"
"1"	0.684013832882781	0.0449344925231376	0.570397111913357	0.79436964504284
