"mean"	"sd"	"min"	"max"
"1"	0.674482332851531	0.042899963806256	0.587730061349693	0.785801713586291
