"mean"	"sd"	"min"	"max"
"1"	0.678452397278224	0.0480093639893427	0.575812274368231	0.80905752753978
