"mean"	"sd"	"min"	"max"
"1"	0.674196309798741	0.0447009013389887	0.570579494799406	0.785801713586291
