"mean"	"sd"	"min"	"max"
"1"	0.682195967211457	0.0465670402476025	0.557761732851986	0.798041615667075
