"mean"	"sd"	"min"	"max"
"1"	0.677063115574745	0.047689168412472	0.570397111913357	0.791921664626683
