"mean"	"sd"	"min"	"max"
"1"	0.662098767914819	0.0522717289966841	0.528974739970282	0.790697674418605
