"mean"	"sd"	"min"	"max"
"1"	0.678868458849319	0.0518341023584355	0.523465703971119	0.782129742962056
