"mean"	"sd"	"min"	"max"
"1"	0.662229709536945	0.0521112198302003	0.524517087667162	0.79436964504284
