"mean"	"sd"	"min"	"max"
"1"	0.677162623184466	0.0477187172305962	0.53971119133574	0.796817625458996
