"mean"	"sd"	"min"	"max"
"1"	0.663501127736845	0.051299736170422	0.546931407942238	0.788249694002448
