"mean"	"sd"	"min"	"max"
"1"	0.673308969369899	0.0496758422629836	0.557761732851986	0.809907834101382
