"mean"	"sd"	"min"	"max"
"1"	0.681150180485496	0.0467530351384888	0.55956678700361	0.79436964504284
