"mean"	"sd"	"min"	"max"
"1"	0.672864078119328	0.0501756842692626	0.53971119133574	0.786866359447005
