"mean"	"sd"	"min"	"max"
"1"	0.671368974633542	0.0529018635410609	0.532490974729242	0.800489596083231
