"mean"	"sd"	"min"	"max"
"1"	0.6745888295143	0.0492097529987104	0.557206537890045	0.80184331797235
