"mean"	"sd"	"min"	"max"
"1"	0.678839033286431	0.0466985230921523	0.570397111913357	0.800489596083231
