"mean"	"sd"	"min"	"max"
"1"	0.658941932226212	0.0522828102193256	0.520059435364042	0.807603686635945
