"mean"	"sd"	"min"	"max"
"1"	0.661144560814218	0.0544850880637219	0.5037147102526	0.791921664626683
