"mean"	"sd"	"min"	"max"
"1"	0.652745604004743	0.0541176041235937	0.481426448736999	0.823732718894009
