"mean"	"sd"	"min"	"max"
"1"	0.683829003497393	0.0443293409613136	0.566787003610108	0.785801713586291
