"mean"	"sd"	"min"	"max"
"1"	0.666804362146878	0.0504192168159673	0.53971119133574	0.800691244239631
