"mean"	"sd"	"min"	"max"
"1"	0.679494332405316	0.0462988011069362	0.570397111913357	0.800489596083231
