"mean"	"sd"	"min"	"max"
"1"	0.658857702855713	0.0527740978311724	0.508172362555721	0.786866359447005
