"mean"	"sd"	"min"	"max"
"1"	0.666997779255078	0.0505679194854949	0.536101083032491	0.790697674418605
