"mean"	"sd"	"min"	"max"
"1"	0.665221606861003	0.0506796098075965	0.546931407942238	0.791921664626683
