"mean"	"sd"	"min"	"max"
"1"	0.67397134300143	0.053391209620038	0.534296028880866	0.802995391705069
