"mean"	"sd"	"min"	"max"
"1"	0.674888751257104	0.0535858659553199	0.548736462093863	0.815177478580171
