"mean"	"sd"	"min"	"max"
"1"	0.66124742773794	0.0520184307990584	0.537906137184116	0.80171358629131
