"mean"	"sd"	"min"	"max"
"1"	0.686023534380946	0.0450760273825547	0.572202166064982	0.799265605875153
