"mean"	"sd"	"min"	"max"
"1"	0.681158653432628	0.0466167911049739	0.557761732851986	0.80171358629131
