"mean"	"sd"	"min"	"max"
"1"	0.663644064063327	0.0516460100366954	0.543321299638989	0.790697674418605
