"mean"	"sd"	"min"	"max"
"1"	0.666191509742933	0.0504014158181782	0.551263001485884	0.800489596083231
