"mean"	"sd"	"min"	"max"
"1"	0.667161217338631	0.0533102058744864	0.5037147102526	0.819124423963134
