"mean"	"sd"	"min"	"max"
"1"	0.659347395197092	0.0541352776412687	0.490341753343239	0.836405529953917
