"mean"	"sd"	"min"	"max"
"1"	0.669417970929895	0.049594654077139	0.546931407942238	0.785801713586291
