"mean"	"sd"	"min"	"max"
"1"	0.67228240950462	0.0491684958293308	0.557761732851986	0.790697674418605
