"mean"	"sd"	"min"	"max"
"1"	0.677699269520658	0.0517147978256404	0.537906137184116	0.811505507955936
