"mean"	"sd"	"min"	"max"
"1"	0.656817499900454	0.057634375368976	0.485884101040119	0.83294930875576
