"mean"	"sd"	"min"	"max"
"1"	0.680149920002251	0.0471034557280574	0.552346570397112	0.79147465437788
