"mean"	"sd"	"min"	"max"
"1"	0.667138617846903	0.0529089351997596	0.511144130757801	0.813364055299539
