"mean"	"sd"	"min"	"max"
"1"	0.664712743712819	0.0512205402103948	0.53971119133574	0.788249694002448
