"mean"	"sd"	"min"	"max"
"1"	0.681595086328681	0.046561708064552	0.563176895306859	0.80171358629131
