"mean"	"sd"	"min"	"max"
"1"	0.678757383337442	0.0490026263257377	0.561371841155235	0.80905752753978
