"mean"	"sd"	"min"	"max"
"1"	0.67057389999563	0.0523464215738292	0.557761732851986	0.81640146878825
