"mean"	"sd"	"min"	"max"
"1"	0.686337134540264	0.0454653145256155	0.570397111913357	0.799265605875153
