"mean"	"sd"	"min"	"max"
"1"	0.680860766973353	0.04641824921284	0.555956678700361	0.79436964504284
