"mean"	"sd"	"min"	"max"
"1"	0.68035770642169	0.0469560807854613	0.583032490974729	0.812729498164015
