"mean"	"sd"	"min"	"max"
"1"	0.673549375676494	0.049997141143977	0.564981949458484	0.813953488372093
