"mean"	"sd"	"min"	"max"
"1"	0.682163671362967	0.0469865844522107	0.570397111913357	0.802937576499388
