"mean"	"sd"	"min"	"max"
"1"	0.679297593403146	0.0493370308096785	0.534296028880866	0.799539170506912
