"mean"	"sd"	"min"	"max"
"1"	0.659645288966156	0.0540009283705032	0.4962852897474	0.835253456221198
