"mean"	"sd"	"min"	"max"
"1"	0.675811421490598	0.0500192732433719	0.561371841155235	0.804161566707466
