"mean"	"sd"	"min"	"max"
"1"	0.684675109263453	0.0452182230394493	0.563176895306859	0.799265605875153
