"mean"	"sd"	"min"	"max"
"1"	0.678859672694548	0.0505756382787143	0.557761732851986	0.81640146878825
