"mean"	"sd"	"min"	"max"
"1"	0.669381511348063	0.0451492658913214	0.560178306092125	0.774193548387097
