"mean"	"sd"	"min"	"max"
"1"	0.675498325549413	0.0521663086862602	0.545126353790614	0.810281517747858
