"mean"	"sd"	"min"	"max"
"1"	0.671741697842348	0.049886042505684	0.561371841155235	0.812729498164015
