"mean"	"sd"	"min"	"max"
"1"	0.678696886606624	0.0479091255390187	0.564981949458484	0.80171358629131
