"mean"	"sd"	"min"	"max"
"1"	0.667393212790678	0.0506663978654831	0.514115898959881	0.804147465437788
