"mean"	"sd"	"min"	"max"
"1"	0.663472257032686	0.0503674425113495	0.543833580980683	0.800489596083231
