"mean"	"sd"	"min"	"max"
"1"	0.664308964460768	0.0503803795589715	0.55956678700361	0.785801713586291
