"mean"	"sd"	"min"	"max"
"1"	0.678611614187257	0.0469379816821086	0.566787003610108	0.802937576499388
