"mean"	"sd"	"min"	"max"
"1"	0.673392092423624	0.0432801189354695	0.582901554404145	0.7796817625459
