"mean"	"sd"	"min"	"max"
"1"	0.659088073118314	0.05243396429138	0.518573551263002	0.795593635250918
