"mean"	"sd"	"min"	"max"
"1"	0.664900148020152	0.0508920261172559	0.518573551263002	0.788249694002448
