"mean"	"sd"	"min"	"max"
"1"	0.663248400275469	0.0508736896825562	0.545319465081724	0.805385556915545
