"mean"	"sd"	"min"	"max"
"1"	0.680741729875309	0.0475239155428234	0.555956678700361	0.804161566707466
