"mean"	"sd"	"min"	"max"
"1"	0.682764903567954	0.0486122598890721	0.561371841155235	0.812729498164015
