"mean"	"sd"	"min"	"max"
"1"	0.683845344332095	0.046387205501086	0.555956678700361	0.79436964504284
