"mean"	"sd"	"min"	"max"
"1"	0.681054248394956	0.044126593726509	0.563176895306859	0.783353733170135
