"mean"	"sd"	"min"	"max"
"1"	0.673047459883353	0.0442229873835668	0.563150074294205	0.773041474654378
