"mean"	"sd"	"min"	"max"
"1"	0.674171957769692	0.0530946594807837	0.53971119133574	0.813953488372093
