"mean"	"sd"	"min"	"max"
"1"	0.674232084386014	0.0513025839845658	0.555956678700361	0.80905752753978
