"mean"	"sd"	"min"	"max"
"1"	0.677364582482107	0.0467504938261672	0.557761732851986	0.80171358629131
