"mean"	"sd"	"min"	"max"
"1"	0.664486511386064	0.0518801742305921	0.543321299638989	0.791921664626683
