"mean"	"sd"	"min"	"max"
"1"	0.678836747803911	0.0474857008090727	0.561371841155235	0.80171358629131
