"mean"	"sd"	"min"	"max"
"1"	0.674387429808613	0.0513765674077066	0.548736462093863	0.815177478580171
