"mean"	"sd"	"min"	"max"
"1"	0.68225795069623	0.0442743175262052	0.566787003610108	0.788249694002448
