"mean"	"sd"	"min"	"max"
"1"	0.67892246938806	0.0478069045150816	0.581227436823105	0.807833537331701
