"mean"	"sd"	"min"	"max"
"1"	0.671172114132637	0.0506278080663381	0.555720653789004	0.804161566707466
