"mean"	"sd"	"min"	"max"
"1"	0.674768705537567	0.0525006325603403	0.550541516245487	0.810281517747858
