"mean"	"sd"	"min"	"max"
"1"	0.675193741574071	0.0435659505239973	0.586503067484663	0.783353733170135
