"mean"	"sd"	"min"	"max"
"1"	0.671106148988552	0.0522981866224035	0.548736462093863	0.813953488372093
