"mean"	"sd"	"min"	"max"
"1"	0.6820886610842	0.0482857644617707	0.563176895306859	0.804161566707466
