"mean"	"sd"	"min"	"max"
"1"	0.663474414755603	0.0525259088703747	0.554151624548736	0.800489596083231
