"mean"	"sd"	"min"	"max"
"1"	0.666454321989992	0.0523374056382979	0.517087667161961	0.806451612903226
