"mean"	"sd"	"min"	"max"
"1"	0.682949666322423	0.0485548325635369	0.572202166064982	0.815177478580171
