"mean"	"sd"	"min"	"max"
"1"	0.66940485244164	0.0520725171639957	0.511144130757801	0.815668202764977
