"mean"	"sd"	"min"	"max"
"1"	0.663733649094682	0.0492251879529394	0.523031203566122	0.798387096774194
