"mean"	"sd"	"min"	"max"
"1"	0.663966390080705	0.0520800835634424	0.50074294205052	0.809907834101382
