"mean"	"sd"	"min"	"max"
"1"	0.681816110778641	0.0469511860843792	0.566787003610108	0.799265605875153
