"mean"	"sd"	"min"	"max"
"1"	0.685101315445838	0.045853684207363	0.554151624548736	0.804161566707466
