"mean"	"sd"	"min"	"max"
"1"	0.677186798264207	0.0496756451805816	0.554151624548736	0.802937576499388
