"mean"	"sd"	"min"	"max"
"1"	0.664504422748827	0.0522866642244917	0.526002971768202	0.796082949308756
