"mean"	"sd"	"min"	"max"
"1"	0.672873277242278	0.0432708730527056	0.576523031203566	0.780905752753978
