"mean"	"sd"	"min"	"max"
"1"	0.668536794508493	0.0510931914774908	0.550541516245487	0.793778801843318
