"mean"	"sd"	"min"	"max"
"1"	0.678194821753604	0.0501288322209834	0.548736462093863	0.806609547123623
