"mean"	"sd"	"min"	"max"
"1"	0.678010043832706	0.0477495900940158	0.572202166064982	0.802937576499388
