"mean"	"sd"	"min"	"max"
"1"	0.662903363448381	0.0519284580701126	0.517087667161961	0.788249694002448
