"mean"	"sd"	"min"	"max"
"1"	0.680973635234641	0.0471389396608616	0.548736462093863	0.79436964504284
