"mean"	"sd"	"min"	"max"
"1"	0.679224125188888	0.0481340938873329	0.564981949458484	0.806609547123623
