"mean"	"sd"	"min"	"max"
"1"	0.674823311479874	0.0516788916495519	0.541516245487365	0.811505507955936
