"mean"	"sd"	"min"	"max"
"1"	0.680968111718675	0.0460941794271512	0.574007220216607	0.80171358629131
