"mean"	"sd"	"min"	"max"
"1"	0.663474943347761	0.0529869595849647	0.506686478454681	0.790697674418605
