"mean"	"sd"	"min"	"max"
"1"	0.675771610650854	0.052688463235039	0.541516245487365	0.807833537331701
