"mean"	"sd"	"min"	"max"
"1"	0.685915809414115	0.0462406459156954	0.581227436823105	0.804161566707466
