"mean"	"sd"	"min"	"max"
"1"	0.668985990761984	0.0428372796108573	0.566121842496285	0.762672811059908
