"mean"	"sd"	"min"	"max"
"1"	0.686287335856549	0.0456867204773263	0.55956678700361	0.793145654834761
