"mean"	"sd"	"min"	"max"
"1"	0.677100190171623	0.0496749424791579	0.548736462093863	0.807833537331701
