"mean"	"sd"	"min"	"max"
"1"	0.678877929938441	0.0493178419977682	0.564981949458484	0.806609547123623
