"mean"	"sd"	"min"	"max"
"1"	0.672984496839277	0.0527308127228114	0.536101083032491	0.810281517747858
