"mean"	"sd"	"min"	"max"
"1"	0.680564456773447	0.0469409194371645	0.554151624548736	0.785801713586291
