"mean"	"sd"	"min"	"max"
"1"	0.678196926974492	0.0492382348484424	0.570397111913357	0.80171358629131
