"mean"	"sd"	"min"	"max"
"1"	0.681929153401026	0.0463267924363446	0.564981949458484	0.804161566707466
