"mean"	"sd"	"min"	"max"
"1"	0.679470097984434	0.0480797428823454	0.564981949458484	0.80905752753978
