"mean"	"sd"	"min"	"max"
"1"	0.676194299281251	0.0507376047797947	0.546931407942238	0.807833537331701
