"mean"	"sd"	"min"	"max"
"1"	0.66384786939015	0.0519235163937807	0.520059435364042	0.789170506912442
