"mean"	"sd"	"min"	"max"
"1"	0.663756186586211	0.0514527226133242	0.517087667161961	0.796082949308756
