"mean"	"sd"	"min"	"max"
"1"	0.674541323350847	0.0517823327369796	0.554151624548736	0.80905752753978
