"mean"	"sd"	"min"	"max"
"1"	0.66458146553507	0.0517905199494443	0.543833580980683	0.802937576499388
