"mean"	"sd"	"min"	"max"
"1"	0.660936552175589	0.0520516593151601	0.521545319465082	0.790697674418605
