"mean"	"sd"	"min"	"max"
"1"	0.678710745382393	0.0499938487908442	0.543321299638989	0.798041615667075
