"mean"	"sd"	"min"	"max"
"1"	0.651241686047078	0.052923826429555	0.5037147102526	0.793778801843318
