"mean"	"sd"	"min"	"max"
"1"	0.659840192292371	0.0527087810181637	0.509658246656761	0.821428571428571
