"mean"	"sd"	"min"	"max"
"1"	0.679604291649686	0.0497025039620346	0.583032490974729	0.813953488372093
