"mean"	"sd"	"min"	"max"
"1"	0.674974684541751	0.0500369361525026	0.552346570397112	0.807603686635945
