"mean"	"sd"	"min"	"max"
"1"	0.668863586088628	0.0426015274900959	0.566121842496285	0.762672811059908
