"mean"	"sd"	"min"	"max"
"1"	0.678859247768129	0.0484281764287256	0.55956678700361	0.807833537331701
