"mean"	"sd"	"min"	"max"
"1"	0.658137381729476	0.0527583212107842	0.50520059435364	0.820276497695853
