"mean"	"sd"	"min"	"max"
"1"	0.67929910567456	0.0483485614040633	0.545126353790614	0.802937576499388
