"mean"	"sd"	"min"	"max"
"1"	0.661398374949493	0.0532025107872707	0.514115898959881	0.795593635250918
