"mean"	"sd"	"min"	"max"
"1"	0.660368856689513	0.0517638819387714	0.50074294205052	0.785714285714286
