"mean"	"sd"	"min"	"max"
"1"	0.678952361748586	0.0492466658690066	0.583032490974729	0.80905752753978
