"mean"	"sd"	"min"	"max"
"1"	0.676735869715771	0.0455272731738482	0.55956678700361	0.789473684210526
