"mean"	"sd"	"min"	"max"
"1"	0.663093910172874	0.0527475955214998	0.514115898959881	0.785801713586291
