"mean"	"sd"	"min"	"max"
"1"	0.679316983607426	0.0460205090508493	0.572202166064982	0.798041615667075
