"mean"	"sd"	"min"	"max"
"1"	0.671918247134674	0.0483960351406925	0.557206537890045	0.796082949308756
