"mean"	"sd"	"min"	"max"
"1"	0.651545151089666	0.0499964142154613	0.50520059435364	0.789170506912442
