"mean"	"sd"	"min"	"max"
"1"	0.671005399581906	0.0498567066968409	0.548736462093863	0.794930875576037
