"mean"	"sd"	"min"	"max"
"1"	0.670154080117527	0.0455603402101869	0.560178306092125	0.774193548387097
