"mean"	"sd"	"min"	"max"
"1"	0.681077657543516	0.0470821180613601	0.574007220216607	0.810281517747858
