"mean"	"sd"	"min"	"max"
"1"	0.658025541659503	0.0546533517037137	0.479940564635958	0.842165898617512
