"mean"	"sd"	"min"	"max"
"1"	0.666219496773618	0.05225723302854	0.532490974729242	0.80171358629131
