"mean"	"sd"	"min"	"max"
"1"	0.677942550731839	0.05015355560563	0.550541516245487	0.807833537331701
