"mean"	"sd"	"min"	"max"
"1"	0.679568861380923	0.0464883372719492	0.586924219910847	0.810281517747858
