"mean"	"sd"	"min"	"max"
"1"	0.674067317055719	0.0429552058283702	0.582901554404145	0.783353733170135
