"mean"	"sd"	"min"	"max"
"1"	0.676406857970741	0.0487883648837569	0.550541516245487	0.799265605875153
