"mean"	"sd"	"min"	"max"
"1"	0.673799314128022	0.0507810843658694	0.564981949458484	0.820073439412485
