"mean"	"sd"	"min"	"max"
"1"	0.658848262565014	0.0521625700033512	0.50222882615156	0.82258064516129
