"mean"	"sd"	"min"	"max"
"1"	0.678790166026841	0.0495726680367843	0.568592057761733	0.818849449204406
