"mean"	"sd"	"min"	"max"
"1"	0.6732514618255	0.0494452773261248	0.55956678700361	0.810281517747858
