"mean"	"sd"	"min"	"max"
"1"	0.682015565856003	0.0481619173153902	0.57942238267148	0.81640146878825
