"mean"	"sd"	"min"	"max"
"1"	0.663099580355254	0.0526594680727201	0.5037147102526	0.790697674418605
