"mean"	"sd"	"min"	"max"
"1"	0.681970246271429	0.0447413367374503	0.557761732851986	0.778457772337821
