"mean"	"sd"	"min"	"max"
"1"	0.652074470054138	0.0526367564720373	0.5037147102526	0.794930875576037
