"mean"	"sd"	"min"	"max"
"1"	0.67949254630975	0.0514251005041015	0.554151624548736	0.820073439412485
