"mean"	"sd"	"min"	"max"
"1"	0.657547329081779	0.0486820031821096	0.509658246656761	0.785714285714286
