"mean"	"sd"	"min"	"max"
"1"	0.679371816157536	0.0460196433654204	0.575812274368231	0.815177478580171
