"mean"	"sd"	"min"	"max"
"1"	0.67985936646084	0.0483895617180572	0.575812274368231	0.81640146878825
