"mean"	"sd"	"min"	"max"
"1"	0.681504515579644	0.0478227985267403	0.563176895306859	0.811505507955936
