"mean"	"sd"	"min"	"max"
"1"	0.679286281869872	0.0495385403534086	0.564981949458484	0.811505507955936
