"mean"	"sd"	"min"	"max"
"1"	0.674166620093189	0.0507141856099542	0.564981949458484	0.812729498164015
