"mean"	"sd"	"min"	"max"
"1"	0.664861703839309	0.0499893334588581	0.546805349182764	0.798041615667075
