"mean"	"sd"	"min"	"max"
"1"	0.66691957356493	0.051552489826271	0.543321299638989	0.791921664626683
