"mean"	"sd"	"min"	"max"
"1"	0.678420626933176	0.0499022681378948	0.555956678700361	0.810281517747858
