"mean"	"sd"	"min"	"max"
"1"	0.661204267627438	0.0524091863908854	0.506686478454681	0.784562211981567
