"mean"	"sd"	"min"	"max"
"1"	0.662868454507295	0.0519911349500629	0.546931407942238	0.800489596083231
