"mean"	"sd"	"min"	"max"
"1"	0.68014333400836	0.0465188374208996	0.590252707581227	0.80171358629131
