"mean"	"sd"	"min"	"max"
"1"	0.685862414662096	0.0449377192095597	0.577617328519856	0.795593635250918
