"mean"	"sd"	"min"	"max"
"1"	0.671299510218206	0.0495491720522585	0.554234769687964	0.798387096774194
