"mean"	"sd"	"min"	"max"
"1"	0.669374137266181	0.0451615334944361	0.560178306092125	0.774193548387097
