"mean"	"sd"	"min"	"max"
"1"	0.676126546683683	0.0500587724070386	0.561371841155235	0.81640146878825
