"mean"	"sd"	"min"	"max"
"1"	0.672060500228132	0.0505820554587807	0.566787003610108	0.821297429620563
