"mean"	"sd"	"min"	"max"
"1"	0.680499540446761	0.0482105049271299	0.568592057761733	0.811505507955936
