"mean"	"sd"	"min"	"max"
"1"	0.673856324458277	0.0508780635686651	0.554151624548736	0.815177478580171
