"mean"	"sd"	"min"	"max"
"1"	0.678638755849004	0.0497905662295867	0.546931407942238	0.805385556915545
