"mean"	"sd"	"min"	"max"
"1"	0.682758137945679	0.0484635842905261	0.554151624548736	0.81640146878825
