"mean"	"sd"	"min"	"max"
"1"	0.666636449686353	0.0505799874989233	0.526002971768202	0.806451612903226
