"mean"	"sd"	"min"	"max"
"1"	0.6700809853024	0.0433479146754504	0.566121842496285	0.763824884792627
