"mean"	"sd"	"min"	"max"
"1"	0.684031520043625	0.0457269457020514	0.557761732851986	0.790697674418605
