"mean"	"sd"	"min"	"max"
"1"	0.679234005290681	0.0468662845627807	0.545126353790614	0.789473684210526
