"mean"	"sd"	"min"	"max"
"1"	0.679197189280467	0.0464790727347758	0.583032490974729	0.807833537331701
