"mean"	"sd"	"min"	"max"
"1"	0.676947830095722	0.0494914514602691	0.548736462093863	0.804161566707466
