"mean"	"sd"	"min"	"max"
"1"	0.641691997701225	0.056056958819001	0.487369985141159	0.78110599078341
