"mean"	"sd"	"min"	"max"
"1"	0.679104773066421	0.0503184254253234	0.552346570397112	0.804161566707466
