"mean"	"sd"	"min"	"max"
"1"	0.670972265133697	0.0531493370017799	0.527075812274368	0.80905752753978
