"mean"	"sd"	"min"	"max"
"1"	0.679512390500546	0.0493425859645733	0.552346570397112	0.799265605875153
