"mean"	"sd"	"min"	"max"
"1"	0.658366284220672	0.055431460079456	0.488855869242199	0.836405529953917
