"mean"	"sd"	"min"	"max"
"1"	0.680720914262085	0.0466490517037561	0.575812274368231	0.812729498164015
