"mean"	"sd"	"min"	"max"
"1"	0.684056832226928	0.0466506490346254	0.552346570397112	0.807833537331701
