"mean"	"sd"	"min"	"max"
"1"	0.679334014029546	0.0497130252719939	0.566787003610108	0.812729498164015
