"mean"	"sd"	"min"	"max"
"1"	0.67605826027913	0.048546304050021	0.561371841155235	0.815177478580171
