"mean"	"sd"	"min"	"max"
"1"	0.672338387988652	0.0484185702766308	0.564981949458484	0.805385556915545
