"mean"	"sd"	"min"	"max"
"1"	0.673611184281438	0.0516923976942086	0.572202166064982	0.799265605875153
