"mean"	"sd"	"min"	"max"
"1"	0.680399074723872	0.0494283265706266	0.557761732851986	0.81640146878825
