"mean"	"sd"	"min"	"max"
"1"	0.676772364781087	0.0534514149469449	0.536101083032491	0.813953488372093
