"mean"	"sd"	"min"	"max"
"1"	0.67586200355677	0.0494540627703186	0.555956678700361	0.805299539170507
