"mean"	"sd"	"min"	"max"
"1"	0.681621408835926	0.0468498077027028	0.564981949458484	0.80171358629131
