"mean"	"sd"	"min"	"max"
"1"	0.677637298629119	0.0465498602138562	0.555956678700361	0.80171358629131
