"mean"	"sd"	"min"	"max"
"1"	0.64942079990072	0.060457914028858	0.450222882615156	0.839861751152074
