"mean"	"sd"	"min"	"max"
"1"	0.66118784779713	0.0522440112993586	0.506686478454681	0.823732718894009
