"mean"	"sd"	"min"	"max"
"1"	0.682834141651205	0.0442357652610348	0.557761732851986	0.783353733170135
