"mean"	"sd"	"min"	"max"
"1"	0.678832214232125	0.051168372826805	0.548736462093863	0.815177478580171
