"mean"	"sd"	"min"	"max"
"1"	0.657259328148491	0.0487380484442734	0.508172362555721	0.784562211981567
