"mean"	"sd"	"min"	"max"
"1"	0.67581313675423	0.0443944477146478	0.600297176820208	0.79436964504284
