"mean"	"sd"	"min"	"max"
"1"	0.685147678451345	0.0451706644234804	0.57942238267148	0.799265605875153
