"mean"	"sd"	"min"	"max"
"1"	0.668770572569987	0.0425761406556328	0.567607726597325	0.762672811059908
