"mean"	"sd"	"min"	"max"
"1"	0.672833059682812	0.0501187494589556	0.563176895306859	0.798041615667075
