"mean"	"sd"	"min"	"max"
"1"	0.683888170434007	0.0487707166597381	0.564981949458484	0.812729498164015
