"mean"	"sd"	"min"	"max"
"1"	0.675365575381202	0.0434770330943917	0.586503067484663	0.783353733170135
