"mean"	"sd"	"min"	"max"
"1"	0.672760936689365	0.0433880712594346	0.576523031203566	0.7796817625459
