"mean"	"sd"	"min"	"max"
"1"	0.670290048520927	0.0488768569875591	0.551263001485884	0.792626728110599
