"mean"	"sd"	"min"	"max"
"1"	0.681677911827226	0.0434172970358665	0.552346570397112	0.784577723378213
