"mean"	"sd"	"min"	"max"
"1"	0.669339460855497	0.0498475532313607	0.554151624548736	0.804161566707466
