"mean"	"sd"	"min"	"max"
"1"	0.680468207802935	0.0495594999024425	0.554151624548736	0.806609547123623
