"mean"	"sd"	"min"	"max"
"1"	0.66319247220607	0.0447640964623518	0.552748885586924	0.769585253456221
