"mean"	"sd"	"min"	"max"
"1"	0.685467353301914	0.0455079312341184	0.583032490974729	0.798041615667075
