"mean"	"sd"	"min"	"max"
"1"	0.681245010226706	0.0445935133627043	0.575812274368231	0.783353733170135
