"mean"	"sd"	"min"	"max"
"1"	0.668961720223138	0.0525180945640496	0.50520059435364	0.820276497695853
