"mean"	"sd"	"min"	"max"
"1"	0.660557753069033	0.0526570394820398	0.509658246656761	0.817972350230415
