"mean"	"sd"	"min"	"max"
"1"	0.662051891514721	0.0512007324031635	0.546931407942238	0.79436964504284
