"mean"	"sd"	"min"	"max"
"1"	0.665272374171021	0.0502326403062308	0.549777117384844	0.799265605875153
