"mean"	"sd"	"min"	"max"
"1"	0.667117911078398	0.0529106433923917	0.50520059435364	0.813364055299539
