"mean"	"sd"	"min"	"max"
"1"	0.680895899296522	0.0488634693495869	0.557761732851986	0.80905752753978
