"mean"	"sd"	"min"	"max"
"1"	0.680435412522821	0.0483131964774047	0.586642599277978	0.817625458996328
