"mean"	"sd"	"min"	"max"
"1"	0.668219765844586	0.0500126675704962	0.545126353790614	0.792626728110599
