"mean"	"sd"	"min"	"max"
"1"	0.675591833401474	0.0503364636556974	0.55956678700361	0.80184331797235
