"mean"	"sd"	"min"	"max"
"1"	0.678363723038241	0.0499855169038933	0.552346570397112	0.804161566707466
