"mean"	"sd"	"min"	"max"
"1"	0.685128255580059	0.0451081033549986	0.572202166064982	0.798041615667075
