"mean"	"sd"	"min"	"max"
"1"	0.679042189601986	0.0478415737882071	0.546931407942238	0.812729498164015
