"mean"	"sd"	"min"	"max"
"1"	0.678219078740235	0.0459390733546969	0.555956678700361	0.790697674418605
