"mean"	"sd"	"min"	"max"
"1"	0.672478746251635	0.0484034443355619	0.570397111913357	0.777649769585253
