"mean"	"sd"	"min"	"max"
"1"	0.660048087305512	0.0531866660745344	0.509658246656761	0.824884792626728
