"mean"	"sd"	"min"	"max"
"1"	0.677930598386628	0.0495988989045486	0.570397111913357	0.817625458996328
