"mean"	"sd"	"min"	"max"
"1"	0.680967557044971	0.0474603451269248	0.574007220216607	0.804161566707466
