"mean"	"sd"	"min"	"max"
"1"	0.682287291704928	0.0464739762255928	0.566787003610108	0.799265605875153
