"mean"	"sd"	"min"	"max"
"1"	0.660336409493946	0.0528217277837439	0.50520059435364	0.835253456221198
