"mean"	"sd"	"min"	"max"
"1"	0.657501523873603	0.0564070246395985	0.463595839524517	0.842165898617512
