"mean"	"sd"	"min"	"max"
"1"	0.667850136999062	0.0506432776045891	0.549777117384844	0.798041615667075
