"mean"	"sd"	"min"	"max"
"1"	0.665229200896952	0.0518885717275033	0.511144130757801	0.790322580645161
