"mean"	"sd"	"min"	"max"
"1"	0.663684317148672	0.0446423519628558	0.549777117384844	0.769585253456221
