"mean"	"sd"	"min"	"max"
"1"	0.679706583590783	0.0468747131148774	0.572202166064982	0.80905752753978
