"mean"	"sd"	"min"	"max"
"1"	0.658013018736153	0.0544761696464452	0.478454680534918	0.836405529953917
