"mean"	"sd"	"min"	"max"
"1"	0.680844824587369	0.0476397544790629	0.564981949458484	0.806609547123623
