"mean"	"sd"	"min"	"max"
"1"	0.667054336882835	0.0500208988689464	0.548736462093863	0.793778801843318
