"mean"	"sd"	"min"	"max"
"1"	0.676625755226553	0.0505968501279137	0.543321299638989	0.81640146878825
