"mean"	"sd"	"min"	"max"
"1"	0.67673250519486	0.0523573784868087	0.543321299638989	0.81221198156682
