"mean"	"sd"	"min"	"max"
"1"	0.66223843197696	0.0508366146631572	0.555956678700361	0.796817625458996
