"mean"	"sd"	"min"	"max"
"1"	0.685653150210319	0.0467019540123393	0.575812274368231	0.791921664626683
