"mean"	"sd"	"min"	"max"
"1"	0.656571681782325	0.055139520530564	0.50074294205052	0.834101382488479
