"mean"	"sd"	"min"	"max"
"1"	0.677742765094407	0.0506902372828507	0.554151624548736	0.818849449204406
