"mean"	"sd"	"min"	"max"
"1"	0.68557804659973	0.044438302569719	0.568592057761733	0.795593635250918
