"mean"	"sd"	"min"	"max"
"1"	0.665218551122662	0.0506817860780447	0.549777117384844	0.80171358629131
