"mean"	"sd"	"min"	"max"
"1"	0.658971321912593	0.0541444576640667	0.4962852897474	0.841013824884793
