"mean"	"sd"	"min"	"max"
"1"	0.672470500268892	0.0514538336400503	0.561371841155235	0.817625458996328
