"mean"	"sd"	"min"	"max"
"1"	0.664221302258604	0.0502814567168817	0.543321299638989	0.796817625458996
