"mean"	"sd"	"min"	"max"
"1"	0.671821126161846	0.0502009670421804	0.552346570397112	0.813953488372093
