"mean"	"sd"	"min"	"max"
"1"	0.673243175237546	0.0530940781088274	0.545126353790614	0.81640146878825
