"mean"	"sd"	"min"	"max"
"1"	0.664766728638737	0.0519361009456776	0.530685920577617	0.789473684210526
