"mean"	"sd"	"min"	"max"
"1"	0.680191095571157	0.0464613176773562	0.55956678700361	0.798041615667075
