"mean"	"sd"	"min"	"max"
"1"	0.66320437106529	0.0520165121484483	0.534296028880866	0.79436964504284
