"mean"	"sd"	"min"	"max"
"1"	0.671035667102666	0.0488770360035481	0.572202166064982	0.810281517747858
