"mean"	"sd"	"min"	"max"
"1"	0.665293928444639	0.0524548179702364	0.512630014858841	0.794930875576037
