"mean"	"sd"	"min"	"max"
"1"	0.680154001575264	0.0493313787381009	0.534296028880866	0.791921664626683
