"mean"	"sd"	"min"	"max"
"1"	0.662765096742372	0.0517601678435554	0.548736462093863	0.804161566707466
