"mean"	"sd"	"min"	"max"
"1"	0.678213462844135	0.0457367412974558	0.575812274368231	0.802937576499388
