"mean"	"sd"	"min"	"max"
"1"	0.66217866976321	0.0535924932569744	0.515601783060921	0.794930875576037
