"mean"	"sd"	"min"	"max"
"1"	0.680310653453476	0.0472885278813932	0.546931407942238	0.791921664626683
