"mean"	"sd"	"min"	"max"
"1"	0.681672737263222	0.0485473990710298	0.550541516245487	0.807833537331701
