"mean"	"sd"	"min"	"max"
"1"	0.678012189383956	0.0500161896571397	0.550541516245487	0.805385556915545
