"mean"	"sd"	"min"	"max"
"1"	0.680073430332002	0.0485112611455068	0.566787003610108	0.810281517747858
