"mean"	"sd"	"min"	"max"
"1"	0.667419865528028	0.0511283791879974	0.546805349182764	0.802937576499388
