"mean"	"sd"	"min"	"max"
"1"	0.680372288897729	0.0472485406033225	0.57942238267148	0.817625458996328
