"mean"	"sd"	"min"	"max"
"1"	0.678517505808986	0.046312101264658	0.546931407942238	0.788249694002448
