"mean"	"sd"	"min"	"max"
"1"	0.676696197174608	0.0494381812893187	0.552346570397112	0.813953488372093
