"mean"	"sd"	"min"	"max"
"1"	0.658535696882525	0.0539880652365895	0.493313521545319	0.837557603686636
