"mean"	"sd"	"min"	"max"
"1"	0.676631227044403	0.0498730436470452	0.548736462093863	0.807833537331701
