"mean"	"sd"	"min"	"max"
"1"	0.665540845852013	0.0518796378505356	0.537906137184116	0.802937576499388
