"mean"	"sd"	"min"	"max"
"1"	0.678365185372751	0.0469351009806663	0.546931407942238	0.796817625458996
