"mean"	"sd"	"min"	"max"
"1"	0.669197642253923	0.0515745565305124	0.512630014858841	0.813364055299539
