"mean"	"sd"	"min"	"max"
"1"	0.68398183854586	0.0461633219970387	0.575812274368231	0.804161566707466
