"mean"	"sd"	"min"	"max"
"1"	0.663271840817547	0.052610041281932	0.533432392273403	0.806609547123623
