"mean"	"sd"	"min"	"max"
"1"	0.675566814751328	0.0521943165219371	0.525270758122744	0.807833537331701
