"mean"	"sd"	"min"	"max"
"1"	0.668045512796196	0.0514267545304959	0.537890044576523	0.798041615667075
