"mean"	"sd"	"min"	"max"
"1"	0.67085296223949	0.0532671772964121	0.557761732851986	0.81640146878825
