"mean"	"sd"	"min"	"max"
"1"	0.658817188725861	0.054521333653292	0.493313521545319	0.836405529953917
