"mean"	"sd"	"min"	"max"
"1"	0.672835450967164	0.0509776883524742	0.55956678700361	0.810281517747858
