"mean"	"sd"	"min"	"max"
"1"	0.664215558234672	0.0502188758209202	0.548291233283804	0.800489596083231
