"mean"	"sd"	"min"	"max"
"1"	0.677827185564255	0.0517142001771211	0.548736462093863	0.818849449204406
