"mean"	"sd"	"min"	"max"
"1"	0.671147439853991	0.0496297936742968	0.555720653789004	0.796082949308756
