"mean"	"sd"	"min"	"max"
"1"	0.670890814625302	0.0519681518138047	0.532490974729242	0.805385556915545
