"mean"	"sd"	"min"	"max"
"1"	0.68179495298793	0.0477614095310594	0.564981949458484	0.804161566707466
