"mean"	"sd"	"min"	"max"
"1"	0.685301922811502	0.045220108093911	0.568592057761733	0.799265605875153
