"mean"	"sd"	"min"	"max"
"1"	0.67192813249004	0.0495231728313228	0.552346570397112	0.796082949308756
