"mean"	"sd"	"min"	"max"
"1"	0.675823121877994	0.0497442566832915	0.561371841155235	0.813953488372093
