"mean"	"sd"	"min"	"max"
"1"	0.672059551080004	0.0493165434196607	0.561371841155235	0.80184331797235
