"mean"	"sd"	"min"	"max"
"1"	0.651068720971655	0.0531643744567274	0.478454680534918	0.817972350230415
