"mean"	"sd"	"min"	"max"
"1"	0.684963713683176	0.0449119619425403	0.566787003610108	0.790697674418605
