"mean"	"sd"	"min"	"max"
"1"	0.682068939675523	0.0483992744045308	0.563176895306859	0.80905752753978
