"mean"	"sd"	"min"	"max"
"1"	0.656719485337819	0.0540536925976992	0.50074294205052	0.807603686635945
