"mean"	"sd"	"min"	"max"
"1"	0.678324929661641	0.0491568929766648	0.564981949458484	0.80905752753978
