"mean"	"sd"	"min"	"max"
"1"	0.673385226904887	0.0496065418343382	0.561371841155235	0.80184331797235
