"mean"	"sd"	"min"	"max"
"1"	0.676668957921716	0.0511959031612137	0.561371841155235	0.815177478580171
