"mean"	"sd"	"min"	"max"
"1"	0.681909779362124	0.0484698415021997	0.550541516245487	0.800489596083231
