"mean"	"sd"	"min"	"max"
"1"	0.684916978330031	0.0461792754327904	0.568592057761733	0.791921664626683
