"mean"	"sd"	"min"	"max"
"1"	0.678960976911474	0.0498933750146173	0.554151624548736	0.807833537331701
