"mean"	"sd"	"min"	"max"
"1"	0.669306467204489	0.0490214125447228	0.550541516245487	0.799265605875153
