"mean"	"sd"	"min"	"max"
"1"	0.679908157797846	0.0473518478403113	0.563176895306859	0.807833537331701
