"mean"	"sd"	"min"	"max"
"1"	0.680067410520654	0.0484971555842314	0.577065351418002	0.812729498164015
