"mean"	"sd"	"min"	"max"
"1"	0.678794063816389	0.0497679136825213	0.548736462093863	0.799265605875153
