"mean"	"sd"	"min"	"max"
"1"	0.659889909850536	0.0521425554207053	0.514115898959881	0.82258064516129
