"mean"	"sd"	"min"	"max"
"1"	0.668479965206402	0.0527772652254242	0.506686478454681	0.821428571428571
