"mean"	"sd"	"min"	"max"
"1"	0.662690261082537	0.0497794098562527	0.540861812778603	0.78702570379437
