"mean"	"sd"	"min"	"max"
"1"	0.658166563268658	0.0527951904312557	0.49925705794948	0.821428571428571
