"mean"	"sd"	"min"	"max"
"1"	0.658545619824244	0.0548775761641834	0.487369985141159	0.828341013824885
