"mean"	"sd"	"min"	"max"
"1"	0.664519226652714	0.0532837771816597	0.511144130757801	0.794930875576037
