"mean"	"sd"	"min"	"max"
"1"	0.675033499044541	0.0514738681704148	0.541516245487365	0.810281517747858
