"mean"	"sd"	"min"	"max"
"1"	0.674071904667428	0.049380680188734	0.555956678700361	0.804147465437788
