"mean"	"sd"	"min"	"max"
"1"	0.67719008894034	0.0510903197677361	0.545126353790614	0.812729498164015
