"mean"	"sd"	"min"	"max"
"1"	0.661658855201837	0.054446745032381	0.50520059435364	0.796082949308756
