"mean"	"sd"	"min"	"max"
"1"	0.672059556353203	0.0527914514993855	0.543321299638989	0.813953488372093
