"mean"	"sd"	"min"	"max"
"1"	0.664312607154629	0.0508436857564953	0.546805349182764	0.802937576499388
