"mean"	"sd"	"min"	"max"
"1"	0.671933313342992	0.0504502474830723	0.561371841155235	0.806609547123623
