"mean"	"sd"	"min"	"max"
"1"	0.658141750508488	0.0526326246927501	0.4962852897474	0.817972350230415
