"mean"	"sd"	"min"	"max"
"1"	0.6831505339917	0.0478050803338913	0.570397111913357	0.815177478580171
