"mean"	"sd"	"min"	"max"
"1"	0.657022616229864	0.0539084108171572	0.50520059435364	0.824884792626728
