"mean"	"sd"	"min"	"max"
"1"	0.677721220876446	0.0497517097621729	0.575812274368231	0.810281517747858
