"mean"	"sd"	"min"	"max"
"1"	0.678391515999472	0.0490876354740163	0.541516245487365	0.798041615667075
