"mean"	"sd"	"min"	"max"
"1"	0.677936315657179	0.0488417424332171	0.55956678700361	0.807833537331701
