"mean"	"sd"	"min"	"max"
"1"	0.68400667399948	0.0476362991400969	0.570397111913357	0.815177478580171
