"mean"	"sd"	"min"	"max"
"1"	0.679743638418191	0.0501608918530054	0.537906137184116	0.80171358629131
