"mean"	"sd"	"min"	"max"
"1"	0.680291074487283	0.0486182393942773	0.564981949458484	0.811505507955936
