"mean"	"sd"	"min"	"max"
"1"	0.674567972966504	0.0438054277359559	0.572065378900446	0.790697674418605
