"mean"	"sd"	"min"	"max"
"1"	0.673904849026884	0.0482154836344203	0.561371841155235	0.790322580645161
