"mean"	"sd"	"min"	"max"
"1"	0.666032142898316	0.0517108041015455	0.526002971768202	0.805299539170507
