"mean"	"sd"	"min"	"max"
"1"	0.679711822156726	0.0463511394609003	0.561371841155235	0.805385556915545
