"mean"	"sd"	"min"	"max"
"1"	0.684250608787113	0.0449131705192039	0.566787003610108	0.793145654834761
