"mean"	"sd"	"min"	"max"
"1"	0.680835452163579	0.0494313244529804	0.546931407942238	0.800489596083231
