"mean"	"sd"	"min"	"max"
"1"	0.664414245830495	0.0508060251804054	0.542347696879643	0.798041615667075
