"mean"	"sd"	"min"	"max"
"1"	0.681907277732732	0.048408850456629	0.572202166064982	0.810281517747858
