"mean"	"sd"	"min"	"max"
"1"	0.686040211865275	0.0448826222631779	0.577617328519856	0.800489596083231
