"mean"	"sd"	"min"	"max"
"1"	0.663974651558659	0.0517775103603015	0.548736462093863	0.80171358629131
