"mean"	"sd"	"min"	"max"
"1"	0.675741830961582	0.0490504408135715	0.570397111913357	0.810281517747858
