"mean"	"sd"	"min"	"max"
"1"	0.679296214461607	0.0476213323617497	0.561371841155235	0.810281517747858
