"mean"	"sd"	"min"	"max"
"1"	0.667482097769383	0.0507852259986847	0.543321299638989	0.791921664626683
