"mean"	"sd"	"min"	"max"
"1"	0.673798150131835	0.049361833908724	0.55956678700361	0.814516129032258
