"mean"	"sd"	"min"	"max"
"1"	0.660880608687407	0.052100939399487	0.521660649819495	0.788018433179724
