"mean"	"sd"	"min"	"max"
"1"	0.656594638758372	0.0498322837312196	0.49777117384844	0.785714285714286
