"mean"	"sd"	"min"	"max"
"1"	0.673307661706959	0.0488038827330801	0.555956678700361	0.804147465437788
