"mean"	"sd"	"min"	"max"
"1"	0.677974221130008	0.0470931608232214	0.572202166064982	0.806609547123623
