"mean"	"sd"	"min"	"max"
"1"	0.673930751457301	0.0514785172470297	0.546931407942238	0.81640146878825
