"mean"	"sd"	"min"	"max"
"1"	0.67654418801941	0.04977916049204	0.548736462093863	0.820073439412485
