"mean"	"sd"	"min"	"max"
"1"	0.681550903650048	0.0454873871529341	0.55956678700361	0.78110599078341
