"mean"	"sd"	"min"	"max"
"1"	0.656592871844204	0.0537675741749017	0.506686478454681	0.823732718894009
