"mean"	"sd"	"min"	"max"
"1"	0.679607243180059	0.0471851094490499	0.550541516245487	0.790697674418605
