"mean"	"sd"	"min"	"max"
"1"	0.685442342243583	0.0450601033331886	0.577617328519856	0.796817625458996
