"mean"	"sd"	"min"	"max"
"1"	0.677231575732518	0.0499029679118412	0.566787003610108	0.811505507955936
