"mean"	"sd"	"min"	"max"
"1"	0.670064191296653	0.0497933133245565	0.546931407942238	0.79147465437788
