"mean"	"sd"	"min"	"max"
"1"	0.658689195269928	0.0531836644905641	0.491827637444279	0.831797235023041
