"mean"	"sd"	"min"	"max"
"1"	0.68195655121554	0.0473294808741827	0.564981949458484	0.80171358629131
