"mean"	"sd"	"min"	"max"
"1"	0.671923659813334	0.0512546177345937	0.552346570397112	0.810281517747858
