"mean"	"sd"	"min"	"max"
"1"	0.660049566579192	0.0520280042029656	0.50520059435364	0.823732718894009
