"mean"	"sd"	"min"	"max"
"1"	0.679768706377574	0.0472691064736019	0.555956678700361	0.799265605875153
