"mean"	"sd"	"min"	"max"
"1"	0.675509308065876	0.0493276468522601	0.550541516245487	0.811059907834101
