"mean"	"sd"	"min"	"max"
"1"	0.67924040103298	0.0507912433645542	0.548736462093863	0.817972350230415
