"mean"	"sd"	"min"	"max"
"1"	0.671996013590824	0.0511391537959807	0.561371841155235	0.820073439412485
