"mean"	"sd"	"min"	"max"
"1"	0.683168152651167	0.0482332838158262	0.572202166064982	0.813953488372093
