"mean"	"sd"	"min"	"max"
"1"	0.674909728867069	0.0451640529184028	0.576523031203566	0.769889840881273
