"mean"	"sd"	"min"	"max"
"1"	0.678953159726377	0.0500739360749153	0.554151624548736	0.811505507955936
