"mean"	"sd"	"min"	"max"
"1"	0.676287473748806	0.0513153475290123	0.546931407942238	0.80905752753978
