"mean"	"sd"	"min"	"max"
"1"	0.685735936398088	0.0453704935675262	0.575812274368231	0.799265605875153
