"mean"	"sd"	"min"	"max"
"1"	0.681549284475925	0.048788111861522	0.55956678700361	0.807833537331701
