"mean"	"sd"	"min"	"max"
"1"	0.664619273810399	0.0514515201889821	0.545126353790614	0.793145654834761
