"mean"	"sd"	"min"	"max"
"1"	0.680219841249173	0.0477230102061031	0.568592057761733	0.806609547123623
