"mean"	"sd"	"min"	"max"
"1"	0.682556889888111	0.0452642322886322	0.564981949458484	0.791921664626683
