"mean"	"sd"	"min"	"max"
"1"	0.679022104322317	0.0471718674108659	0.568592057761733	0.805385556915545
