"mean"	"sd"	"min"	"max"
"1"	0.675481046685453	0.0498962091788706	0.557761732851986	0.813953488372093
