"mean"	"sd"	"min"	"max"
"1"	0.668659979582065	0.0520180892198869	0.515601783060921	0.821428571428571
