"mean"	"sd"	"min"	"max"
"1"	0.658128583237451	0.0563259138491431	0.468053491827637	0.844470046082949
