"mean"	"sd"	"min"	"max"
"1"	0.685205819927684	0.0454686484390016	0.570397111913357	0.80171358629131
