"mean"	"sd"	"min"	"max"
"1"	0.67886573697041	0.0474279884258318	0.583032490974729	0.80905752753978
