"mean"	"sd"	"min"	"max"
"1"	0.672782987060256	0.0529813578418551	0.545126353790614	0.80905752753978
