"mean"	"sd"	"min"	"max"
"1"	0.663189115264498	0.0518651332482653	0.53971119133574	0.793145654834761
