"mean"	"sd"	"min"	"max"
"1"	0.661438867880792	0.0519660643807101	0.536101083032491	0.783353733170135
