"mean"	"sd"	"min"	"max"
"1"	0.679208108500728	0.0509637610183194	0.543321299638989	0.815177478580171
