"mean"	"sd"	"min"	"max"
"1"	0.663407188949291	0.0448338236194255	0.552748885586924	0.767281105990783
