"mean"	"sd"	"min"	"max"
"1"	0.68545054169139	0.0449720145797356	0.588447653429603	0.804161566707466
