"mean"	"sd"	"min"	"max"
"1"	0.678109424563913	0.0491057204168709	0.561371841155235	0.813953488372093
