"mean"	"sd"	"min"	"max"
"1"	0.668473261409584	0.0520350933074512	0.50520059435364	0.815668202764977
