"mean"	"sd"	"min"	"max"
"1"	0.679116146890757	0.0459354877688238	0.528880866425993	0.784577723378213
