"mean"	"sd"	"min"	"max"
"1"	0.669279055474188	0.0449673894505855	0.561664190193165	0.774193548387097
