"mean"	"sd"	"min"	"max"
"1"	0.660000443609801	0.052267966967542	0.509658246656761	0.819124423963134
