"mean"	"sd"	"min"	"max"
"1"	0.680754671164102	0.04774724930561	0.557761732851986	0.804161566707466
