"mean"	"sd"	"min"	"max"
"1"	0.679411281805269	0.0484265770970143	0.561371841155235	0.805385556915545
