"mean"	"sd"	"min"	"max"
"1"	0.685055931549776	0.0459160170390574	0.566787003610108	0.795593635250918
