"mean"	"sd"	"min"	"max"
"1"	0.671886318642149	0.05321627091017	0.536101083032491	0.810281517747858
