"mean"	"sd"	"min"	"max"
"1"	0.681135368754441	0.0452759427151713	0.561371841155235	0.782129742962056
