"mean"	"sd"	"min"	"max"
"1"	0.664816875741196	0.0520293223908554	0.512630014858841	0.804147465437788
