"mean"	"sd"	"min"	"max"
"1"	0.679611478712857	0.0482193828452167	0.568592057761733	0.810281517747858
