"mean"	"sd"	"min"	"max"
"1"	0.678168014745808	0.0520566878147795	0.543321299638989	0.808755760368664
