"mean"	"sd"	"min"	"max"
"1"	0.682749403031482	0.0479138367825593	0.566787003610108	0.815177478580171
