"mean"	"sd"	"min"	"max"
"1"	0.684257421031898	0.0450379331931046	0.563176895306859	0.78702570379437
