"mean"	"sd"	"min"	"max"
"1"	0.67346018132307	0.050953583251899	0.564981949458484	0.813953488372093
