"mean"	"sd"	"min"	"max"
"1"	0.671469063759075	0.0510832934280887	0.546931407942238	0.823732718894009
