"mean"	"sd"	"min"	"max"
"1"	0.679219221235373	0.0468860386759479	0.577617328519856	0.810281517747858
