"mean"	"sd"	"min"	"max"
"1"	0.662546074048918	0.0523928359975851	0.537906137184116	0.799265605875153
