"mean"	"sd"	"min"	"max"
"1"	0.676550078544582	0.0499239940568917	0.557206537890045	0.811059907834101
