"mean"	"sd"	"min"	"max"
"1"	0.668641754356432	0.0504740534089401	0.542347696879643	0.798041615667075
