"mean"	"sd"	"min"	"max"
"1"	0.680887452341251	0.0474895255467192	0.566787003610108	0.805385556915545
