"mean"	"sd"	"min"	"max"
"1"	0.658263904382879	0.0554381957783293	0.485884101040119	0.836405529953917
