"mean"	"sd"	"min"	"max"
"1"	0.671781480735083	0.0512515812747858	0.563176895306859	0.810281517747858
