"mean"	"sd"	"min"	"max"
"1"	0.684386245437065	0.0440469598797822	0.563176895306859	0.778801843317972
