"mean"	"sd"	"min"	"max"
"1"	0.667010661595616	0.0516496151389138	0.506686478454681	0.814516129032258
