"mean"	"sd"	"min"	"max"
"1"	0.676325164185675	0.0417565958950793	0.586787564766839	0.776009791921665
