"mean"	"sd"	"min"	"max"
"1"	0.66883190923868	0.0427693813463554	0.566121842496285	0.761520737327189
