"mean"	"sd"	"min"	"max"
"1"	0.682143630216159	0.0469059524946416	0.566787003610108	0.800489596083231
