"mean"	"sd"	"min"	"max"
"1"	0.678085641780491	0.0479131328777921	0.566787003610108	0.806609547123623
