"mean"	"sd"	"min"	"max"
"1"	0.684509830819494	0.0457174483521056	0.574007220216607	0.799265605875153
