"mean"	"sd"	"min"	"max"
"1"	0.679076176980573	0.0492056051955844	0.55956678700361	0.807833537331701
