"mean"	"sd"	"min"	"max"
"1"	0.655526654788562	0.0541585474017768	0.50222882615156	0.82258064516129
