"mean"	"sd"	"min"	"max"
"1"	0.685057933978278	0.0465408162765548	0.572202166064982	0.804161566707466
