"mean"	"sd"	"min"	"max"
"1"	0.682831668981849	0.0489606943146881	0.572202166064982	0.818849449204406
