"mean"	"sd"	"min"	"max"
"1"	0.684656623510132	0.0449551141656088	0.568592057761733	0.79436964504284
