"mean"	"sd"	"min"	"max"
"1"	0.676369266612927	0.0527851081105436	0.530685920577617	0.80905752753978
