"mean"	"sd"	"min"	"max"
"1"	0.678671281132198	0.0486006978209057	0.577617328519856	0.811505507955936
