"mean"	"sd"	"min"	"max"
"1"	0.669482864100734	0.0525337615975569	0.5037147102526	0.815668202764977
