"mean"	"sd"	"min"	"max"
"1"	0.684864983939087	0.0470343539827552	0.568592057761733	0.804161566707466
