"mean"	"sd"	"min"	"max"
"1"	0.66374854171955	0.0523272562462857	0.514115898959881	0.815668202764977
