"mean"	"sd"	"min"	"max"
"1"	0.665480108732173	0.0518526309457346	0.546805349182764	0.805385556915545
