"mean"	"sd"	"min"	"max"
"1"	0.670660940702213	0.0505864851559268	0.536101083032491	0.802995391705069
