"mean"	"sd"	"min"	"max"
"1"	0.676523924243473	0.0418505944639377	0.588082901554404	0.776009791921665
