"mean"	"sd"	"min"	"max"
"1"	0.678645461332419	0.0513565690871044	0.55956678700361	0.811505507955936
