"mean"	"sd"	"min"	"max"
"1"	0.677129885378384	0.0505084823461656	0.557761732851986	0.802995391705069
