"mean"	"sd"	"min"	"max"
"1"	0.665246028394253	0.0513111289274422	0.536101083032491	0.792626728110599
