"mean"	"sd"	"min"	"max"
"1"	0.665640897150978	0.0517448427037882	0.512630014858841	0.790322580645161
