"mean"	"sd"	"min"	"max"
"1"	0.669680238102575	0.0506636209260235	0.546931407942238	0.804147465437788
