"mean"	"sd"	"min"	"max"
"1"	0.686161423706333	0.0457794441910603	0.574007220216607	0.805385556915545
