"mean"	"sd"	"min"	"max"
"1"	0.660493316451625	0.0514747277840632	0.554151624548736	0.791921664626683
