"mean"	"sd"	"min"	"max"
"1"	0.656435366238864	0.0562197832289095	0.476968796433878	0.838709677419355
