"mean"	"sd"	"min"	"max"
"1"	0.670313629953624	0.0497430364355798	0.546931407942238	0.800691244239631
