"mean"	"sd"	"min"	"max"
"1"	0.675730963982792	0.0491947127662692	0.561371841155235	0.800489596083231
