"mean"	"sd"	"min"	"max"
"1"	0.659019643751151	0.0540597820023561	0.50520059435364	0.823732718894009
