"mean"	"sd"	"min"	"max"
"1"	0.683639321744271	0.0446771456994731	0.564981949458484	0.789473684210526
