"mean"	"sd"	"min"	"max"
"1"	0.679548988855007	0.0454837875981873	0.595839524517088	0.80905752753978
