"mean"	"sd"	"min"	"max"
"1"	0.68303136541341	0.0466896700933748	0.566787003610108	0.800489596083231
