"mean"	"sd"	"min"	"max"
"1"	0.66114573421694	0.050650813335236	0.555956678700361	0.799265605875153
