"mean"	"sd"	"min"	"max"
"1"	0.663482201176394	0.0511702929983676	0.546931407942238	0.789473684210526
