"mean"	"sd"	"min"	"max"
"1"	0.663803417519963	0.0517747312367043	0.534296028880866	0.791921664626683
