"mean"	"sd"	"min"	"max"
"1"	0.677727642927933	0.0490332151247218	0.557761732851986	0.80905752753978
