"mean"	"sd"	"min"	"max"
"1"	0.66702470438343	0.0514650016790827	0.509658246656761	0.805299539170507
