"mean"	"sd"	"min"	"max"
"1"	0.665546286287133	0.051064987783012	0.548736462093863	0.790322580645161
