"mean"	"sd"	"min"	"max"
"1"	0.678886638844527	0.0474692189927563	0.572202166064982	0.802937576499388
