"mean"	"sd"	"min"	"max"
"1"	0.67470854264161	0.0508627015123269	0.55956678700361	0.812729498164015
