"mean"	"sd"	"min"	"max"
"1"	0.677277427126998	0.0447675934773173	0.561371841155235	0.783353733170135
