"mean"	"sd"	"min"	"max"
"1"	0.663274304367565	0.0452244288815818	0.549777117384844	0.767281105990783
