"mean"	"sd"	"min"	"max"
"1"	0.677242527259001	0.0483138792057609	0.550541516245487	0.789473684210526
