"mean"	"sd"	"min"	"max"
"1"	0.681659190643526	0.0488232033684302	0.566787003610108	0.820073439412485
