"mean"	"sd"	"min"	"max"
"1"	0.671853720696463	0.0503917687656334	0.548736462093863	0.798387096774194
