"mean"	"sd"	"min"	"max"
"1"	0.672971118255664	0.0525873505641731	0.543321299638989	0.813953488372093
