"mean"	"sd"	"min"	"max"
"1"	0.684758272794567	0.0462840599079424	0.568592057761733	0.800489596083231
