"mean"	"sd"	"min"	"max"
"1"	0.662471436146255	0.0532312274411769	0.50520059435364	0.793778801843318
