"mean"	"sd"	"min"	"max"
"1"	0.681278703742692	0.0456174509974918	0.57942238267148	0.79436964504284
