"mean"	"sd"	"min"	"max"
"1"	0.676332971839344	0.0524635799178567	0.555956678700361	0.807833537331701
