"mean"	"sd"	"min"	"max"
"1"	0.679458518150981	0.0459619498851209	0.555956678700361	0.790697674418605
