"mean"	"sd"	"min"	"max"
"1"	0.663891908004783	0.0519857906189262	0.539375928677563	0.802937576499388
