"mean"	"sd"	"min"	"max"
"1"	0.673207619633707	0.0433017162376952	0.575037147102526	0.7796817625459
