"mean"	"sd"	"min"	"max"
"1"	0.682919808495226	0.0476831901930315	0.572202166064982	0.810281517747858
