"mean"	"sd"	"min"	"max"
"1"	0.65961375418568	0.0520125134006282	0.514115898959881	0.819124423963134
