"mean"	"sd"	"min"	"max"
"1"	0.67126548320922	0.0494736239433664	0.541516245487365	0.800691244239631
