"mean"	"sd"	"min"	"max"
"1"	0.679101317120684	0.0485706823754726	0.536101083032491	0.796817625458996
