"mean"	"sd"	"min"	"max"
"1"	0.679570595798413	0.0457096165418586	0.563176895306859	0.790697674418605
