"mean"	"sd"	"min"	"max"
"1"	0.676834346223735	0.0442430825921409	0.57942238267148	0.82258064516129
