"mean"	"sd"	"min"	"max"
"1"	0.680335127560178	0.0477086902064923	0.575812274368231	0.810281517747858
