"mean"	"sd"	"min"	"max"
"1"	0.662480975150895	0.05241301913969	0.539375928677563	0.80905752753978
