"mean"	"sd"	"min"	"max"
"1"	0.656377475977923	0.0520241602771543	0.520059435364042	0.826036866359447
