"mean"	"sd"	"min"	"max"
"1"	0.680673416912797	0.0507902353237525	0.548736462093863	0.80905752753978
