"mean"	"sd"	"min"	"max"
"1"	0.678670156805588	0.0484696381484354	0.554151624548736	0.805385556915545
