"mean"	"sd"	"min"	"max"
"1"	0.682441103934581	0.0490572933042822	0.557761732851986	0.818849449204406
