"mean"	"sd"	"min"	"max"
"1"	0.66488039390939	0.0504326510483693	0.539375928677563	0.805385556915545
