"mean"	"sd"	"min"	"max"
"1"	0.678519473097381	0.048475581924367	0.541516245487365	0.799539170506912
