"mean"	"sd"	"min"	"max"
"1"	0.659328657773052	0.0536814105039097	0.50074294205052	0.82258064516129
