"mean"	"sd"	"min"	"max"
"1"	0.669940898230062	0.0500247772053469	0.554151624548736	0.797235023041475
