"mean"	"sd"	"min"	"max"
"1"	0.686802130576802	0.0459719448485147	0.588447653429603	0.810281517747858
