"mean"	"sd"	"min"	"max"
"1"	0.6728535059829	0.0530444327382836	0.536101083032491	0.815668202764977
