"mean"	"sd"	"min"	"max"
"1"	0.678334973719877	0.0472429920191414	0.577617328519856	0.80171358629131
