"mean"	"sd"	"min"	"max"
"1"	0.678126255063784	0.0503319063906542	0.541516245487365	0.799265605875153
