"mean"	"sd"	"min"	"max"
"1"	0.656216878858591	0.0546443727782986	0.50074294205052	0.828341013824885
