"mean"	"sd"	"min"	"max"
"1"	0.63828641663015	0.0535653761795171	0.50074294205052	0.804147465437788
