"mean"	"sd"	"min"	"max"
"1"	0.679032145246655	0.0483810299606619	0.583032490974729	0.804161566707466
