"mean"	"sd"	"min"	"max"
"1"	0.663554583880783	0.0523629095906376	0.53971119133574	0.802937576499388
