"mean"	"sd"	"min"	"max"
"1"	0.655348910534673	0.0543643345190646	0.485884101040119	0.838709677419355
