"mean"	"sd"	"min"	"max"
"1"	0.663980311362069	0.0533659925527672	0.530685920577617	0.791921664626683
