"mean"	"sd"	"min"	"max"
"1"	0.684242081327426	0.0451215904454078	0.570397111913357	0.78702570379437
