"mean"	"sd"	"min"	"max"
"1"	0.660266597930913	0.0537507086775884	0.50074294205052	0.828341013824885
