"mean"	"sd"	"min"	"max"
"1"	0.679539414547296	0.0469197926052082	0.566787003610108	0.800489596083231
