"mean"	"sd"	"min"	"max"
"1"	0.678166896547456	0.0457518011261622	0.557761732851986	0.791921664626683
