"mean"	"sd"	"min"	"max"
"1"	0.671759948187429	0.0427873552116122	0.570579494799406	0.771889400921659
