"mean"	"sd"	"min"	"max"
"1"	0.669257659612961	0.0527867715648684	0.508172362555721	0.816820276497696
