"mean"	"sd"	"min"	"max"
"1"	0.651566914684227	0.0548540649616302	0.49479940564636	0.795506912442396
