"mean"	"sd"	"min"	"max"
"1"	0.681136425516549	0.047228111480076	0.572202166064982	0.810281517747858
