"mean"	"sd"	"min"	"max"
"1"	0.673484916797088	0.0491466117797237	0.557206537890045	0.790697674418605
