"mean"	"sd"	"min"	"max"
"1"	0.675917416245112	0.0468484244315492	0.563176895306859	0.797235023041475
