"mean"	"sd"	"min"	"max"
"1"	0.681301496854712	0.0459759213676567	0.552346570397112	0.783410138248848
