"mean"	"sd"	"min"	"max"
"1"	0.678846673915696	0.047196944955714	0.570397111913357	0.805385556915545
