"mean"	"sd"	"min"	"max"
"1"	0.667148582711201	0.0518604464528619	0.532490974729242	0.79147465437788
