"mean"	"sd"	"min"	"max"
"1"	0.676008268032608	0.0510268634416013	0.563176895306859	0.813953488372093
