"mean"	"sd"	"min"	"max"
"1"	0.682904781328109	0.0451793835179356	0.555956678700361	0.788249694002448
