"mean"	"sd"	"min"	"max"
"1"	0.673094075502001	0.0508105124615697	0.555956678700361	0.811505507955936
