"mean"	"sd"	"min"	"max"
"1"	0.682275063350023	0.0480915562549881	0.572202166064982	0.811505507955936
