"mean"	"sd"	"min"	"max"
"1"	0.677762746057621	0.0501955113538598	0.563176895306859	0.810281517747858
