"mean"	"sd"	"min"	"max"
"1"	0.684995219160836	0.044728319990205	0.570397111913357	0.795593635250918
