"mean"	"sd"	"min"	"max"
"1"	0.675238147396738	0.0433466020521074	0.586503067484663	0.783353733170135
