"mean"	"sd"	"min"	"max"
"1"	0.675095862716698	0.0514823739489594	0.550541516245487	0.811505507955936
