"mean"	"sd"	"min"	"max"
"1"	0.68471862798786	0.0455810686151687	0.581227436823105	0.802937576499388
