"mean"	"sd"	"min"	"max"
"1"	0.679052548210516	0.0465743444062866	0.566121842496285	0.802995391705069
