"mean"	"sd"	"min"	"max"
"1"	0.66382317201824	0.0504854554148173	0.541516245487365	0.789170506912442
