"mean"	"sd"	"min"	"max"
"1"	0.679387728976486	0.0467455254087108	0.564981949458484	0.799265605875153
