"mean"	"sd"	"min"	"max"
"1"	0.679836693497944	0.0471347416423426	0.581227436823105	0.810281517747858
