"mean"	"sd"	"min"	"max"
"1"	0.679212531543238	0.0502387430782839	0.554151624548736	0.806609547123623
