"mean"	"sd"	"min"	"max"
"1"	0.678760280024394	0.0495715877737542	0.572202166064982	0.811505507955936
