"mean"	"sd"	"min"	"max"
"1"	0.674045825700283	0.0430534305551766	0.582901554404145	0.783353733170135
