"mean"	"sd"	"min"	"max"
"1"	0.666265795299334	0.0530422063574588	0.517087667161961	0.82258064516129
