"mean"	"sd"	"min"	"max"
"1"	0.683643181099473	0.0443253356474306	0.564981949458484	0.788249694002448
