"mean"	"sd"	"min"	"max"
"1"	0.684659934060218	0.0447928707573006	0.570397111913357	0.796817625458996
