"mean"	"sd"	"min"	"max"
"1"	0.658342752842084	0.0571337821467696	0.472511144130758	0.850230414746544
