"mean"	"sd"	"min"	"max"
"1"	0.663242845758665	0.0514624534184938	0.534296028880866	0.786866359447005
