"mean"	"sd"	"min"	"max"
"1"	0.667075000371091	0.0508227970795571	0.543321299638989	0.790322580645161
