"mean"	"sd"	"min"	"max"
"1"	0.655844563369673	0.0539093197665614	0.4962852897474	0.839861751152074
