"mean"	"sd"	"min"	"max"
"1"	0.682817117698148	0.0468794317894045	0.548736462093863	0.80905752753978
