"mean"	"sd"	"min"	"max"
"1"	0.664237372663016	0.0469835749432704	0.536404160475483	0.78110599078341
